"Geneid","ensembl_id","gene_symbol","baseMean","log2FoldChange","lfcSE","stat","pvalue","padj"
"ENSG00000165995.25","ENSG00000165995","CACNB2",564.347021952001,3.26140553412817,0.127540589071902,25.5715106685725,3.16572075729672e-144,5.39502131458507e-140
"ENSG00000152583.15","ENSG00000152583","SPARCL1",1010.85526680987,4.57807718597789,0.184557958790757,24.805634045662,7.7939801717705e-136,6.64125050436565e-132
"ENSG00000120129.8","ENSG00000120129","DUSP1",3461.43819245451,2.95723166895689,0.121785608609903,24.2822752434512,3.01738244743441e-130,1.71407438897257e-126
"ENSG00000101347.13","ENSG00000101347","SAMHD1",12926.7629756913,3.77174724024678,0.158033968662987,23.8666868405372,6.79596083438092e-126,2.89541911348799e-122
"ENSG00000189221.13","ENSG00000189221","MAOA",2370.96293463225,3.35263108156148,0.143350848118752,23.3875915319605,5.71595004611374e-121,1.94822441371741e-117
"ENSG00000211445.14","ENSG00000211445","GPX3",12368.0469882087,3.73020611899793,0.16583667676768,22.4932517444471,4.83252874214234e-112,1.37259924705983e-108
"ENSG00000162614.21","ENSG00000162614","NEXN",5550.30899497715,2.0342456408102,0.092694050999041,21.94580578673,9.4970011351131e-107,2.31211276206568e-103
"ENSG00000157214.16","ENSG00000157214","STEAP2",3057.35476824192,1.97672415868521,0.0914876455414712,21.6064600524578,1.56172685313546e-103,3.3268686288918e-100
"ENSG00000154734.18","ENSG00000154734","ADAMTS1",30582.0059453764,2.35191463537045,0.116482767402705,20.1910951105702,1.17236892529738e-90,2.21994569165755e-87
"ENSG00000157150.7","ENSG00000157150","TIMP4",366.44269900196,2.99728727367963,0.14951581005288,20.0466243176528,2.16014379181601e-89,3.68131705001285e-86
"ENSG00000162493.19","ENSG00000162493","PDPN",1105.52024819692,1.89144532152721,0.0956173927829203,19.7813940171047,4.30620011914554e-87,6.67147840277076e-84
"ENSG00000179094.19","ENSG00000179094","PER1",816.487907337701,3.20500803716861,0.1624268044543,19.7320143552437,1.14515144522488e-86,1.62630591079354e-83
"ENSG00000163884.6","ENSG00000163884","KLF15",608.001611429218,4.45802397031382,0.228618353278029,19.4998516365495,1.10101211327953e-84,1.44334218726998e-81
"ENSG00000162692.14","ENSG00000162692","VCAM1",510.192719129153,-3.68098245929624,0.191139704621625,-19.2580733897387,1.20789860692587e-82,1.47035771851647e-79
"ENSG00000139132.17","ENSG00000139132","FGD4",1233.14316059403,2.23135638543087,0.116034362758673,19.2301343531452,2.07090968121429e-82,2.35282951915026e-79
"ENSG00000134243.14","ENSG00000134243","SORT1",5578.85022021013,2.19922548805521,0.114648649552722,19.1823060858984,5.20211426049394e-82,5.54090195170861e-79
"ENSG00000178695.6","ENSG00000178695","KCTD12",2667.06857814533,-2.51697279473436,0.136241234571816,-18.4743833439619,3.31999031261318e-76,3.32819264162081e-73
"ENSG00000106976.24","ENSG00000106976","DNM1",1069.8697717788,-1.75939054618456,0.0953076815752848,-18.4601127328315,4.32438124847815e-76,4.09422806869804e-73
"ENSG00000146250.9","ENSG00000146250","PRSS35",314.597357048605,-2.73140242531331,0.152012228040172,-17.9683072903286,3.45084355871868e-72,3.09522504882546e-69
"ENSG00000172403.12","ENSG00000172403","SYNPO2",9254.84819722257,1.75670089642086,0.0981735588174038,17.8938292304164,1.31736421315584e-71,1.12252604603009e-68
"ENSG00000198624.15","ENSG00000198624","CCDC69",2070.58518987438,2.93192798526052,0.163905155961812,17.8879545799257,1.4638383729892e-71,1.18793969297533e-68
"ENSG00000148848.16","ENSG00000148848","ADAM12",1387.32901784487,-1.80717672400503,0.102395066585967,-17.6490604895285,1.03463055898629e-69,8.01462453920194e-67
"ENSG00000163394.6","ENSG00000163394","CCKAR",1214.01746254506,-2.17687021813993,0.126317500742233,-17.2333224244367,1.49322733018825e-66,1.10641652874209e-63
"ENSG00000125148.9","ENSG00000125148","MT2A",3219.49722542815,2.22608887388113,0.129645851746054,17.1705368424862,4.4131935571631e-66,3.13373519171556e-63
"ENSG00000162616.11","ENSG00000162616","DNAJB4",1530.16218925297,1.51792787861404,0.0886923089107183,17.1145378585425,1.15629737121086e-65,7.8822479200702e-63
"ENSG00000124766.7","ENSG00000124766","SOX4",1307.13602832107,-2.398178588228,0.141766450768151,-16.9164042355131,3.40600543437792e-64,2.23250556202571e-61
"ENSG00000163083.7","ENSG00000163083","INHBB",441.297187620731,3.45991115526951,0.205600170867424,16.8283476646551,1.51264776962533e-63,9.54760862590923e-61
"ENSG00000154930.17","ENSG00000154930","ACSS1",659.143374981667,1.89003841769742,0.112330255370827,16.8257288426701,1.58104049939191e-63,9.6228900680846e-61
"ENSG00000109906.17","ENSG00000109906","ZBTB16",1209.10739576522,7.42625594001026,0.446980293585045,16.6142804203902,5.49299903321401e-62,3.22798929393218e-59
"ENSG00000107562.19","ENSG00000107562","CXCL12",28105.8228692182,-1.87442027107117,0.11293709107795,-16.5970298436095,7.32258159822701e-62,4.15971451989949e-59
"ENSG00000116285.15","ENSG00000116285","ERRFI1",3355.08446950052,2.41414232562825,0.146227009778506,16.5095513427035,3.13203101378613e-61,1.7218087915143e-58
"ENSG00000099337.7","ENSG00000099337","KCNK6",937.138591080292,2.78403748880856,0.168826344227879,16.4905394447842,4.29101275748052e-61,2.28523248165572e-58
"ENSG00000197381.20","ENSG00000197381","ADARB1",1997.69021316456,2.31743334060075,0.140747361518526,16.4651991738809,6.5247534281405e-61,3.36954084613244e-58
"ENSG00000253368.6","ENSG00000253368","TRNP1",562.435061920875,2.01885900203803,0.122691140731638,16.4548066795945,7.74688209181866e-61,3.88301072378746e-58
"ENSG00000105989.12","ENSG00000105989","WNT2",361.243108280916,-2.96286677298814,0.182050779668405,-16.2749469042914,1.48648377056676e-59,7.23790183371394e-57
"ENSG00000163661.6","ENSG00000163661","PTX3",9565.13924798846,2.24519679244311,0.138022932984049,16.2668387339847,1.69695461857973e-59,8.03319461384328e-57
"ENSG00000166741.11","ENSG00000166741","NNMT",7500.80295536823,2.18979906379213,0.136008884007566,16.1004119677235,2.53411699949465e-58,1.16720059203751e-55
"ENSG00000122035.9","ENSG00000122035","RASL11A",983.950019379698,2.31409867685944,0.145129780492184,15.9450298140847,3.08492889206671e-57,1.38350942575265e-54
"ENSG00000148175.15","ENSG00000148175","STOM",13609.1494541972,1.43305628695124,0.0907987055628539,15.7827832243625,4.0875919331127e-56,1.78617286472068e-53
"ENSG00000136478.11","ENSG00000136478","TEX2",3730.22805832621,1.4747947740994,0.096701125619621,15.2510610879607,1.61979271401298e-52,6.90112685805231e-50
"ENSG00000102804.18","ENSG00000102804","TSC22D1",4965.48697912193,1.2088962662902,0.0798477980000205,15.1400075715287,8.82035453178946e-52,3.66625565684771e-49
"ENSG00000124440.17","ENSG00000124440","HIF3A",209.309384149695,2.52655731624399,0.167803240058261,15.0566658627496,3.12136589931966e-51,1.2665313727668e-48
"ENSG00000196569.15","ENSG00000196569","LAMA2",16628.3897924594,2.02987256409956,0.135015563807979,15.0343597941528,4.37255143009307e-51,1.7329539877127e-48
"ENSG00000134686.23","ENSG00000134686","PHC2",2880.13454518684,1.39601999297957,0.0940462744420631,14.843969112669,7.61159034232319e-50,2.94810733213345e-47
"ENSG00000262655.6","ENSG00000262655","SPON1",1713.70953355662,1.92294929160837,0.129643139579738,14.8326343981021,9.0125418086429e-50,3.41314972228649e-47
"ENSG00000145685.16","ENSG00000145685","LHFPL2",2044.34834786417,-1.23077186312675,0.0829975337258105,-14.8290172957754,9.51151793266871e-50,3.52381062192479e-47
"ENSG00000126803.10","ENSG00000126803","HSPA2",457.002755734971,2.46361446414177,0.166193227578522,14.8237957709665,1.02807063775033e-49,3.727740384796e-47
"ENSG00000060718.24","ENSG00000060718","COL11A1",360.400558520563,2.42888790181861,0.163974706033113,14.8125766502556,1.21492369517019e-49,4.31348533606051e-47
"ENSG00000068383.21","ENSG00000068383","INPP5A",1335.25921387794,1.39588919767325,0.0952866503794136,14.6493679032171,1.35974783955103e-48,4.72914748604667e-46
"ENSG00000108821.16","ENSG00000108821","COL1A1",98691.4933765777,-1.28781819279653,0.0880231486322365,-14.6304490671774,1.79597812555685e-48,6.12141184314796e-46
"ENSG00000100242.18","ENSG00000100242","SUN2",2993.49964824897,1.84655679769783,0.126694366797773,14.5748926678426,4.05759839778735e-48,1.35587435088416e-45
"ENSG00000221866.12","ENSG00000221866","PLXNA4",858.409665042018,2.76262808997663,0.189919664946517,14.5462982506556,6.16500366565634e-48,2.02046139365607e-45
"ENSG00000138316.13","ENSG00000138316","ADAMTS14",806.188855186247,-2.50441742589462,0.17233581553017,-14.5321935442733,7.57551752904002e-48,2.43588622131887e-45
"ENSG00000168309.20","ENSG00000168309","FAM107A",162.026079052076,4.82751555444514,0.332383144237619,14.5239481548257,8.5443783673551e-48,2.69654252104566e-45
"ENSG00000133142.21","ENSG00000133142","TCEAL4",2891.02527506698,1.54049655765699,0.106128273441855,14.51542089301,9.6761932363501e-48,2.99821245697961e-45
"ENSG00000131389.20","ENSG00000131389","SLC6A6",743.08717260993,-2.09754928412774,0.144574921076622,-14.5083896190825,1.0720799853974e-47,3.26256912698972e-45
"ENSG00000172986.14","ENSG00000172986","GXYLT2",629.443170078061,-1.69612433351712,0.116922801717321,-14.5063606807658,1.10425820247131e-47,3.30153829588003e-45
"ENSG00000103742.14","ENSG00000103742","IGDCC4",375.215074568049,-2.17774550000728,0.150718334638209,-14.4491080347646,2.53953265949687e-47,7.46184751433547e-45
"ENSG00000103196.14","ENSG00000103196","CRISPLD2",3064.09916979153,2.63400922556653,0.184095741832558,14.3078226543787,1.95540110384275e-46,5.64812637486241e-44
"ENSG00000141401.14","ENSG00000141401","IMPA2",695.651785136904,2.28356773756969,0.159959760897556,14.2758886657262,3.09319443646258e-46,8.78570326436587e-44
"ENSG00000164647.11","ENSG00000164647","STEAP1",1843.84418332232,1.56763435739119,0.110240662104914,14.2201101432002,6.8744655035577e-46,1.92056788707591e-43
"ENSG00000167641.13","ENSG00000167641","PPP1R14A",242.616386982574,3.01688316274472,0.212703497352977,14.1835146120718,1.15893740046506e-45,3.18558244818153e-43
"ENSG00000169715.16","ENSG00000169715","MT1E",525.008339747956,2.19659262075302,0.155858188777232,14.0935336024764,4.1620358839841e-45,1.12586373864852e-42
"ENSG00000070404.12","ENSG00000070404","FSTL3",1643.59129685523,1.768627069309,0.125992770177783,14.0375282392265,9.18610482552146e-45,2.44608747557089e-42
"ENSG00000163171.10","ENSG00000163171","CDC42EP3",1477.95344983298,1.52102010797074,0.108455172379122,14.0244128021279,1.1052313737797e-44,2.89774662645439e-42
"ENSG00000112837.18","ENSG00000112837","TBX18",2787.44245048781,-1.80170955518395,0.128998539549524,-13.9668988616127,2.48200949144186e-44,6.40884935653821e-42
"ENSG00000134363.14","ENSG00000134363","FST",2801.11960416076,-1.81866041276235,0.130747753443794,-13.9096876608603,5.53204976016232e-44,1.40712226884606e-41
"ENSG00000196517.15","ENSG00000196517","SLC6A9",239.40323717636,-2.20708258821368,0.15990423145576,-13.8025277262553,2.46070568514953e-43,6.16696268916445e-41
"ENSG00000136999.7","ENSG00000136999","CCN3",421.349436753025,-2.51960398292554,0.182896066075495,-13.7761518713339,3.546804158828e-43,8.76009224271693e-41
"ENSG00000126016.18","ENSG00000126016","AMOT",380.50430722125,-2.35308036507634,0.17157457548003,-13.7146215194933,8.29983558573228e-43,2.02065425788642e-40
"ENSG00000206538.11","ENSG00000206538","VGLL3",12847.3603170454,1.37255430832697,0.100281113547249,13.6870668840376,1.21308010355584e-42,2.91173396123923e-40
"ENSG00000227051.8","ENSG00000227051","C14orf132",4662.00707426436,-1.13763330281084,0.0832862131308286,-13.6593231946301,1.77626962974711e-42,4.2043315319653e-40
"ENSG00000163378.15","ENSG00000163378","EOGT",1846.03180955967,1.26402986800503,0.0926969079826401,13.6361599918926,2.44078649835249e-42,5.69806623355111e-40
"ENSG00000149218.7","ENSG00000149218","ENDOD1",2077.43303585002,1.9326882670129,0.141957788384106,13.6145278748883,3.28260178502991e-42,7.55974319195673e-40
"ENSG00000124762.17","ENSG00000124762","CDKN1A",8140.61579739821,-1.00428610063387,0.0745486584453787,-13.4715516224844,2.29981682546773e-41,5.22579711194947e-39
"ENSG00000138735.18","ENSG00000138735","PDE5A",6446.08586210417,-1.18404705447079,0.0880073141426653,-13.4539619349294,2.91808527478311e-41,6.54342227011233e-39
"ENSG00000106484.17","ENSG00000106484","MEST",547.025103442877,-1.8194569831436,0.135357395758946,-13.4418734413583,3.43625417294004e-41,7.60527839159015e-39
"ENSG00000151726.18","ENSG00000151726","ACSL1",1472.75772103349,1.60399123204765,0.119604620620585,13.4107798154044,5.22861285743061e-41,1.14238487585042e-38
"ENSG00000130513.8","ENSG00000130513","GDF15",462.459510383959,-1.86052572728569,0.138793168517031,-13.40502380027,5.65051534445585e-41,1.2189377531673e-38
"ENSG00000131831.20","ENSG00000131831","RAI2",1026.90641215999,1.43998393944566,0.107932084092489,13.3415744868941,1.32628415200455e-40,2.8253168148077e-38
"ENSG00000145390.14","ENSG00000145390","USP53",8585.73829449306,2.15380099253118,0.161578439702983,13.3297548638936,1.55407468205197e-40,3.2696963866086e-38
"ENSG00000147027.6","ENSG00000147027","TMEM47",12703.5057986424,1.17093135571284,0.0881954420315475,13.2765518119859,3.16642750552458e-40,6.58076311575e-38
"ENSG00000013293.7","ENSG00000013293","SLC7A14",260.032727641963,-2.92923174517672,0.222436373020863,-13.168852312216,1.32597993554611e-39,2.72257229657551e-37
"ENSG00000185950.10","ENSG00000185950","IRS2",2221.72606857754,2.12972990818929,0.161945586961752,13.1508980772183,1.68165133676317e-39,3.41175024775213e-37
"ENSG00000221869.6","ENSG00000221869","CEBPD",1908.61781718509,1.50593281563836,0.11453200066521,13.148576877133,1.73407469917028e-39,3.47671776744233e-37
"ENSG00000196975.18","ENSG00000196975","ANXA4",4606.14071120131,1.18448038230756,0.0903282453331983,13.1130675453542,2.77157141652536e-39,5.49222326516573e-37
"ENSG00000163431.16","ENSG00000163431","LMOD1",5729.71304903945,1.15431875404593,0.0889013508572048,12.9842656260648,1.50272623213893e-38,2.94361614346111e-36
"ENSG00000185432.14","ENSG00000185432","TMT1A",2994.96659881745,2.2396690191141,0.174523233694441,12.8330708278954,1.07036058130918e-37,2.07285057121262e-35
"ENSG00000020577.16","ENSG00000020577","SAMD4A",3118.54061547637,1.21510586978962,0.0947625535055323,12.8226374748194,1.22462766792476e-37,2.34495558615435e-35
"ENSG00000119138.6","ENSG00000119138","KLF9",1679.76345034624,2.08856253767309,0.163146978621946,12.8017236685261,1.60352021337511e-37,3.03635460848207e-35
"ENSG00000106617.18","ENSG00000106617","PRKAG2",1066.15093746328,1.62874354392984,0.127872468811406,12.7372495351757,3.67110205382273e-37,6.87504628585132e-35
"ENSG00000137672.15","ENSG00000137672","TRPC6",746.178548267013,1.97000174972524,0.154749498406362,12.7302625857445,4.01486667765691e-37,7.43710412180751e-35
"ENSG00000046653.16","ENSG00000046653","GPM6B",857.233586783825,2.46645482735271,0.194158881589325,12.7032809787689,5.67017141819518e-37,1.03904366998798e-34
"ENSG00000163110.17","ENSG00000163110","PDLIM5",1328.85048126991,1.60572980422554,0.126465142901448,12.6970149037577,6.14283817590163e-37,1.11368349142251e-34
"ENSG00000137809.19","ENSG00000137809","ITGA11",1187.93893635169,-1.72482710523344,0.136416580938938,-12.6438230115553,1.21023278481006e-36,2.17103022302454e-34
"ENSG00000163513.22","ENSG00000163513","TGFBR2",13327.821952411,1.46551420408203,0.115921626463911,12.6422846951537,1.2341493389444e-36,2.19087219107192e-34
"ENSG00000099998.21","ENSG00000099998","GGT5",496.143332441004,2.42342327179965,0.192759293050402,12.572277234727,2.99957569027547e-36,5.26997617666749e-34
"ENSG00000150907.12","ENSG00000150907","FOXO1",487.667909631084,2.28828237202033,0.183645424168415,12.4603288232318,1.22862977971554e-35,2.11498067736488e-33
"ENSG00000214814.8","ENSG00000214814","FER1L6",314.159480207442,-3.01922788697449,0.242964714377036,-12.4266105665418,1.8741354300709e-35,3.19390159992682e-33
"ENSG00000101825.9","ENSG00000101825","MXRA5",4735.73039614927,-1.31584472167505,0.106289106222282,-12.3798643947878,3.35909876914259e-35,5.66789715086416e-33
"ENSG00000187193.11","ENSG00000187193","MT1X",95.231214922383,3.10413705244851,0.251983705672895,12.3188007103842,7.17534143681707e-35,1.19884479182585e-32
"ENSG00000128923.13","ENSG00000128923","MINDY2",1348.84890905293,1.05529458140244,0.0858306627779997,12.2950766922533,9.6265357551292e-35,1.59277109066905e-32
"ENSG00000246430.10","ENSG00000246430","LINC00968",2772.7465960664,1.94660443828829,0.158403774246156,12.2888766227458,1.03940390117407e-34,1.7032232003662e-32
"ENSG00000174306.24","ENSG00000174306","ZHX3",3366.28959567753,1.14413633149765,0.0935780507368271,12.2265458885797,2.24274152422841e-34,3.64007629103815e-32
"ENSG00000173918.17","ENSG00000173918","C1QTNF1",1002.13985710206,1.25182811209125,0.103062545052243,12.1462953535321,6.00243495677872e-34,9.65032986164367e-32
"ENSG00000071282.14","ENSG00000071282","LMCD1",4581.72941507042,1.63778522419998,0.13504281521218,12.127896042649,7.51555934227812e-34,1.1970108627206e-31
"ENSG00000115457.12","ENSG00000115457","IGFBP2",1918.49597914373,2.21757206068853,0.183438478768272,12.0889143628904,1.20873364137686e-33,1.90733691818004e-31
"ENSG00000077684.18","ENSG00000077684","JADE1",1634.12826487524,1.22741495412611,0.101670983718514,12.0724213461367,1.47722751953216e-33,2.30962489796945e-31
"ENSG00000164125.18","ENSG00000164125","GASK1B",5769.24129941209,1.12548723620789,0.0932386685179306,12.0710350554979,1.50232704657016e-33,2.32751432069533e-31
"ENSG00000139289.16","ENSG00000139289","PHLDA1",2422.35222462335,-1.05940116523674,0.0882044441120209,-12.0107458972394,3.12017990998964e-33,4.79046000234626e-31
"ENSG00000114270.19","ENSG00000114270","COL7A1",1547.64498424099,1.24875742751511,0.104916726368985,11.90236743685,1.1503665081642e-32,1.75040589572627e-30
"ENSG00000123562.20","ENSG00000123562","MORF4L2",5494.77835801642,1.02505146215988,0.0861855853133543,11.8935371667198,1.27873941567376e-32,1.92852009928427e-30
"ENSG00000162772.20","ENSG00000162772","ATF3",377.800359272413,1.92136671122911,0.161582918018763,11.890902422037,1.31972878317594e-32,1.9728787651653e-30
"ENSG00000133216.18","ENSG00000133216","EPHB2",380.69882030022,-1.7590905067441,0.148067697934316,-11.8803123928113,1.4980645640803e-32,2.200863474229e-30
"ENSG00000114098.20","ENSG00000114098","ARMC8",1016.69748106226,1.35243173888868,0.114151315431296,11.8477105040692,2.21150527771191e-32,3.22123700365525e-30
"ENSG00000109861.19","ENSG00000109861","CTSC",3759.90892845931,1.00409292323113,0.0850091423388473,11.8115875023043,3.40078836996438e-32,4.91154537296042e-30
"ENSG00000128606.14","ENSG00000128606","LRRC17",1202.35057232606,-2.39352511970751,0.202760428856157,-11.8046954882184,3.69124845428832e-32,5.28624001327575e-30
"ENSG00000127954.15","ENSG00000127954","STEAP4",381.34827320794,5.09517836610899,0.431880158412859,11.7976671695999,4.01282104888544e-32,5.69887469292548e-30
"ENSG00000164442.13","ENSG00000164442","CITED2",7627.1598690515,1.5596106999173,0.133330501385547,11.6973286960605,1.31529003811428e-31,1.85249362227633e-29
"ENSG00000110756.20","ENSG00000110756","HPS5",1007.434777161,1.57548713289972,0.134894615041574,11.6793923346322,1.62452704829844e-31,2.26927786533623e-29
"ENSG00000167552.18","ENSG00000167552","TUBA1A",4996.20502467263,-1.27508203512666,0.109351541098748,-11.6603938299802,2.03100788000754e-31,2.8140192106576e-29
"ENSG00000119508.19","ENSG00000119508","NR4A3",199.864083046698,2.09129251694192,0.179522032987516,11.6492247895128,2.31555616436226e-31,3.1823958187953e-29
"ENSG00000103485.21","ENSG00000103485","QPRT",876.031858684479,-1.19471227665303,0.102875859422493,-11.6131450406315,3.53374377754258e-31,4.81776491655045e-29
"ENSG00000144369.16","ENSG00000144369","FAM171B",1334.67427122212,-1.33874413273877,0.115850251840286,-11.555815472757,6.89894708922939e-31,9.33109970592439e-29
"ENSG00000143320.11","ENSG00000143320","CRABP2",1502.47167640111,-1.62927072947938,0.141345498637535,-11.5268667568782,9.65955665621466e-31,1.29620601996229e-28
"ENSG00000138829.16","ENSG00000138829","FBN2",16086.3220198783,1.92952219563588,0.168179154180604,11.4730164094166,1.8026411615831e-30,2.400047709039e-28
"ENSG00000250978.6","ENSG00000250978",NA,83.0467895153516,6.44332542750682,0.562366317415085,11.4575237313706,2.15590823947999e-30,2.84813862148977e-28
"ENSG00000168398.9","ENSG00000168398","BDKRB2",5387.44570595664,-2.06211591652297,0.180052122576611,-11.45288312636,2.27452291658712e-30,2.98172458034444e-28
"ENSG00000154864.15","ENSG00000154864","PIEZO2",173.182957277856,-2.42615302606751,0.212167740521229,-11.435070289702,2.79310429013414e-30,3.63359414598977e-28
"ENSG00000156675.18","ENSG00000156675","RAB11FIP1",999.440191402414,1.48658542062138,0.130499831971903,11.3914738291882,4.61123253783551e-30,5.9533806749843e-28
"ENSG00000140545.18","ENSG00000140545","MFGE8",9750.789103626,1.15681965174258,0.101705947061263,11.3741593797437,5.6242121068588e-30,7.20660321241261e-28
"ENSG00000181467.5","ENSG00000181467","RAP2B",665.016759304521,-1.25434869216442,0.110622542740135,-11.338997107588,8.4102728493201e-30,1.0696109693889e-27
"ENSG00000277443.5","ENSG00000277443","MARCKS",5647.80576926785,-1.18653134171336,0.104821619812278,-11.3195287750588,1.05034985542672e-29,1.3259305360135e-27
"ENSG00000072958.11","ENSG00000072958","AP1M1",2187.31081374945,1.09997895554004,0.0976062924534699,11.2695496149945,1.85516411125536e-29,2.32468432235396e-27
"ENSG00000233117.5","ENSG00000233117",NA,92.7159759290876,3.29774350854276,0.293291788727829,11.2438998815716,2.48171323750257e-29,3.08710634989188e-27
"ENSG00000196507.13","ENSG00000196507","TCEAL3",967.858765762982,1.06248945223083,0.0947400277311082,11.2147893311409,3.45006936243554e-29,4.26058565758163e-27
"ENSG00000145777.15","ENSG00000145777","TSLP",120.739970369723,-2.85036269605631,0.254822115857393,-11.1856958979631,4.79131816942163e-29,5.87436289520025e-27
"ENSG00000116584.24","ENSG00000116584","ARHGEF2",2260.43575460353,-1.0057221934074,0.0901207754677821,-11.1597152619591,6.41968520617557e-29,7.81459109168886e-27
"ENSG00000177283.8","ENSG00000177283","FZD8",130.718350765319,2.55839777837042,0.229501636878197,11.1476232290588,7.35446036742689e-29,8.88898677884319e-27
"ENSG00000163491.20","ENSG00000163491","NEK10",199.647120242818,-2.38714893764723,0.215732862902891,-11.0653004161066,1.84842453939027e-28,2.21836978875275e-26
"ENSG00000177674.18","ENSG00000177674","AGTRAP",877.053394745517,1.12320503546737,0.101683916942145,11.0460441458647,2.29088692135418e-28,2.73016048347678e-26
"ENSG00000243244.9","ENSG00000243244","STON1",1064.75629274675,1.40694430506687,0.128081918935061,10.9847222524845,4.52628698151667e-28,5.35673491243104e-26
"ENSG00000146122.19","ENSG00000146122","DAAM2",982.84624993537,1.62736226474147,0.1486595279097,10.9469086013106,6.87541971851038e-28,8.08075192019682e-26
"ENSG00000276600.7","ENSG00000276600","RAB7B",312.259961804495,-1.81299203302309,0.16563616321829,-10.9456292502608,6.97318315173071e-28,8.13951967615032e-26
"ENSG00000256235.5","ENSG00000256235","SMIM3",1124.08089621701,1.26794857789815,0.116087851247552,10.9223192976008,9.01635239489833e-28,1.04528352050243e-25
"ENSG00000096060.17","ENSG00000096060","FKBP5",2618.42938059409,4.05095503982296,0.371179850374979,10.9137256123428,9.91095128393863e-28,1.14123264716812e-25
"ENSG00000146592.18","ENSG00000146592","CREB5",672.566805077776,-2.04766682557364,0.187990364169868,-10.8924031006364,1.25289892587098e-27,1.43301365736196e-25
"ENSG00000205978.8","ENSG00000205978","NYNRIN",1614.6548727082,-1.14753279938185,0.105495444018259,-10.8775578894501,1.47460706899807e-27,1.67535024465767e-25
"ENSG00000136546.19","ENSG00000136546","SCN7A",5067.92876921182,1.37704216255976,0.126779042385917,10.8617492027431,1.75357622083058e-27,1.97910238115197e-25
"ENSG00000187498.19","ENSG00000187498","COL4A1",2286.51055454389,1.31847740250803,0.121571746903644,10.8452616342926,2.10034057798269e-27,2.35486869276191e-25
"ENSG00000069431.16","ENSG00000069431","ABCC9",879.434676714688,1.05279299539979,0.0981160323383922,10.7300812141365,7.35315223711878e-27,8.19035427614237e-25
"ENSG00000099194.8","ENSG00000099194","SCD",1430.0941901764,-1.97658782053868,0.184845482143366,-10.693189780022,1.09537643685607e-26,1.21216917122734e-24
"ENSG00000092621.15","ENSG00000092621","PHGDH",1163.94708911799,-1.43352495578475,0.134170794311721,-10.6843293515444,1.20516936140169e-26,1.32506427464566e-24
"ENSG00000165507.11","ENSG00000165507","DEPP1",17469.8115594019,1.5540674104243,0.145785119549565,10.6599865282954,1.56620128792858e-26,1.71097450954351e-24
"ENSG00000177666.19","ENSG00000177666","PNPLA2",2136.35964671552,1.08969971649332,0.102640346850028,10.6166799892592,2.49269479945237e-26,2.70576463517627e-24
"ENSG00000120837.10","ENSG00000120837","NFYB",1981.5347301928,1.05528720590541,0.0995125800310975,10.6045608060372,2.83794204689467e-26,3.04177411089176e-24
"ENSG00000126878.15","ENSG00000126878","AIF1L",93.0039168016335,-2.654717799751,0.251404807906467,-10.5595347275087,4.58930877244997e-26,4.85782609317344e-24
"ENSG00000128699.17","ENSG00000128699","ORMDL1",2082.22423349378,1.02638918570025,0.0973892571890918,10.5390390616432,5.70791314702844e-26,6.00458369454683e-24
"ENSG00000131386.22","ENSG00000131386","GALNT15",14558.7497770972,1.62972860521383,0.155046290740519,10.5112389172941,7.6679515796944e-26,7.96812383055804e-24
"ENSG00000163697.20","ENSG00000163697","APBB2",2349.59037216582,1.07890055794806,0.102699998237914,10.5053610171315,8.16099343349712e-26,8.42906970264593e-24
"ENSG00000183044.14","ENSG00000183044","ABAT",505.964650760845,1.15955430358782,0.110560960909226,10.4879181046541,9.8167563037222e-26,1.00781422245803e-23
"ENSG00000177614.13","ENSG00000177614","PGBD5",140.581987988797,-2.56680671180379,0.244905656130473,-10.4807980034415,1.05846806111197e-25,1.07371504151609e-23
"ENSG00000183160.11","ENSG00000183160","TMEM119",3011.6788628952,-1.17356373777423,0.112055094969276,-10.4730957400554,1.14825245461676e-25,1.15790049299283e-23
"ENSG00000138073.16","ENSG00000138073","PREB",1739.71962860289,1.1096428380991,0.105960120043113,10.4722686011266,1.15833212478177e-25,1.16119388650182e-23
"ENSG00000108830.13","ENSG00000108830","RND2",206.843191830397,-2.31276979260571,0.220902118747684,-10.469658714534,1.19071512541212e-25,1.18667644253061e-23
"ENSG00000127083.10","ENSG00000127083","OMD",431.905675907297,1.76628917036044,0.168783322878042,10.4648323083242,1.25298197513081e-25,1.24147202442902e-23
"ENSG00000099204.24","ENSG00000099204","ABLIM1",853.820917053784,1.42100776362052,0.135968126618063,10.451035834392,1.44933531820599e-25,1.42772095334488e-23
"ENSG00000110900.18","ENSG00000110900","TSPAN11",259.547957263341,-1.47053245811193,0.141116224390133,-10.420718556404,1.9944064538689e-25,1.95337211418585e-23
"ENSG00000168556.8","ENSG00000168556","ING2",352.535302436309,1.45534973165883,0.13975645114748,10.4134708609841,2.15228463687817e-25,2.09595627323873e-23
"ENSG00000164742.18","ENSG00000164742","ADCY1",359.836902914585,-2.59223089423627,0.249166313012924,-10.403617017449,2.38696825792305e-25,2.31129051429117e-23
"ENSG00000180914.12","ENSG00000180914","OXTR",573.168715160003,1.85796496650565,0.179309629050939,10.3617690602541,3.70053561065889e-25,3.54295100431735e-23
"ENSG00000125848.12","ENSG00000125848","FLRT3",181.987522906269,-2.47803937632447,0.239143902898036,-10.362126511672,3.686729659272e-25,3.54295100431735e-23
"ENSG00000112773.18","ENSG00000112773","TENT5A",533.679656539998,-1.19869484496347,0.115707721600565,-10.3596789253313,3.78229520154568e-25,3.60099859356098e-23
"ENSG00000169738.10","ENSG00000169738","DCXR",622.0528104166,2.09569250870249,0.202875547358444,10.3299413654805,5.15921118350414e-25,4.83094928512515e-23
"ENSG00000172061.9","ENSG00000172061","LRRC15",232.850286392455,-2.55605480078273,0.247797098518439,-10.3151119043169,6.02111245693353e-25,5.57672817886202e-23
"ENSG00000164070.14","ENSG00000164070","HSPA4L",589.310298184935,-1.30548093644543,0.12691630443033,-10.2861562374129,8.13596350327906e-25,7.45446720553127e-23
"ENSG00000162496.12","ENSG00000162496","DHRS3",3947.49645623001,1.08966895863999,0.106272844738976,10.2535032473856,1.14130417145409e-24,1.04011260373907e-22
"ENSG00000102554.16","ENSG00000102554","KLF5",151.380405559549,2.48629656560141,0.242545076403595,10.2508638908184,1.17290496690083e-24,1.06322587478319e-22
"ENSG00000148120.21","ENSG00000148120","AOPEP",697.680274198798,1.11896643919095,0.109376870071878,10.2303753842618,1.44956397971157e-24,1.30706186996003e-22
"ENSG00000023909.12","ENSG00000023909","GCLM",1944.08727413671,1.22185165000623,0.120096061849035,10.1739526775003,2.591729716831e-24,2.31247423215885e-22
"ENSG00000088756.15","ENSG00000088756","ARHGAP28",705.949899414217,-1.6638014915956,0.163599326561101,-10.1699776311378,2.69970660463291e-24,2.39627083104969e-22
"ENSG00000119139.23","ENSG00000119139","TJP2",174.559078454592,1.81027449216509,0.179861706950561,10.0648132549008,7.90371854233725e-24,6.97902442479334e-22
"ENSG00000134253.10","ENSG00000134253","TRIM45",138.733839503384,-1.9592923924766,0.19502382649575,-10.0464257505444,9.52600263172912e-24,8.36815138401689e-22
"ENSG00000143891.19","ENSG00000143891","GALM",543.403857469447,-1.11419519551613,0.110977436373938,-10.0398354108835,1.01843946685271e-23,8.90063866364305e-22
"ENSG00000128510.13","ENSG00000128510","CPA4",162.032412597358,-2.2583664971419,0.225060845861991,-10.0344708493931,1.075344201396e-23,9.35000810213804e-22
"ENSG00000081052.15","ENSG00000081052","COL4A4",208.772718555169,1.91555423903503,0.191247519086693,10.0160998071128,1.29513305706231e-23,1.12038870855106e-21
"ENSG00000267339.9","ENSG00000267339","LINC00906",80.3560979557138,-3.15768426575508,0.315514262209945,-10.0080555586864,1.40486504745643e-23,1.20917727973497e-21
"ENSG00000167992.16","ENSG00000167992","VWCE",259.25917439835,-1.52685476658701,0.152681249500653,-10.0002768616357,1.51971581921496e-23,1.30145713522921e-21
"ENSG00000184254.20","ENSG00000184254","ALDH1A3",776.077508464349,-1.05713358754704,0.1060823315696,-9.96521825930513,2.16398032821087e-23,1.84392763766848e-21
"ENSG00000126950.9","ENSG00000126950","TMEM35A",791.761912632208,-1.69971625676117,0.170759658567519,-9.95385134299211,2.42608257629495e-23,2.0569800629462e-21
"ENSG00000173838.14","ENSG00000173838","MARCHF10",50.0766105395125,3.99506822309866,0.402826712872111,9.9175851437812,3.49099994275281e-23,2.94522876358383e-21
"ENSG00000165272.18","ENSG00000165272","AQP3",139.425049172574,-2.9108107266163,0.293656465061513,-9.91229914181037,3.68076796921422e-23,3.09003190794822e-21
"ENSG00000152580.11","ENSG00000152580","IGSF10",6205.44010166855,-1.15110236153777,0.116239285263461,-9.90286854335655,4.04503112478823e-23,3.37918727591378e-21
"ENSG00000127824.17","ENSG00000127824","TUBA4A",227.603559614307,-1.57862933462166,0.159472711308085,-9.8990562189158,4.20221803373947e-23,3.49337559663356e-21
"ENSG00000003402.23","ENSG00000003402","CFLAR",2794.49171236158,1.18770435812179,0.120380243289506,9.86627311647353,5.82902321040929e-23,4.82224337630074e-21
"ENSG00000035664.13","ENSG00000035664","DAPK2",751.372750712484,1.6721351210346,0.169643003938904,9.85678797362493,6.40661125268409e-23,5.24910908501165e-21
"ENSG00000198431.19","ENSG00000198431","TXNRD1",22797.5792131925,1.50793588893858,0.153158954709036,9.8455613764359,7.16381668298488e-23,5.84142411059466e-21
"ENSG00000164292.15","ENSG00000164292","RHOBTB3",14599.6501042725,1.04016057339309,0.105712220861354,9.83954896527337,7.60510123295852e-23,6.14247086313171e-21
"ENSG00000179820.19","ENSG00000179820","MYADM",4171.44994142535,1.49799553565559,0.152487897300182,9.8237011735213,8.90140346123015e-23,7.15555272576812e-21
"ENSG00000164484.14","ENSG00000164484","TMEM200A",850.194707767252,-1.18508183352098,0.120948514104918,-9.79823392036852,1.14571251006449e-22,9.12394046566308e-21
"ENSG00000128342.6","ENSG00000128342","LIF",158.128705895878,-2.56023176494885,0.261807405438634,-9.77906549533776,1.38483231505156e-22,1.09260705153281e-20
"ENSG00000170624.16","ENSG00000170624","SGCD",2140.82654393438,-1.12785873779396,0.115386644137907,-9.77460386529632,1.44722357124002e-22,1.13657069590196e-20
"ENSG00000103175.13","ENSG00000103175","WFDC1",257.401818182405,1.77427575720804,0.182130054398956,9.74180655171542,1.99967308955793e-22,1.5632306785434e-20
"ENSG00000145675.18","ENSG00000145675","PIK3R1",3548.41072625982,1.54667580524537,0.1591043595581,9.72114032287454,2.45021939237302e-22,1.89802904021914e-20
"ENSG00000136436.18","ENSG00000136436","CALCOCO2",3313.74861447431,1.13716196180515,0.117260372075903,9.69775160758533,3.0821558759745e-22,2.37674662617002e-20
"ENSG00000137962.15","ENSG00000137962","ARHGAP29",4652.77661054293,1.1693461549742,0.120757566768782,9.68341931908235,3.54651924364815e-22,2.72251265541674e-20
"ENSG00000185813.13","ENSG00000185813","PCYT2",475.414019079924,1.11897805280931,0.115874609579591,9.65680106167446,4.60003904886817e-22,3.49972613708979e-20
"ENSG00000118689.17","ENSG00000118689","FOXO3",3909.35903350573,1.30460636036194,0.135367722424993,9.63749952345414,5.55239591286858e-22,4.2055080509825e-20
"ENSG00000159212.15","ENSG00000159212","CLIC6",782.381785440739,1.06287499660637,0.110434107274623,9.6245174868237,6.30019110191547e-22,4.75079012207272e-20
"ENSG00000169218.16","ENSG00000169218","RSPO1",670.700873536967,1.44199731819943,0.149894053416916,9.62011024005508,6.57606474695647e-22,4.93697336641551e-20
"ENSG00000131771.16","ENSG00000131771","PPP1R1B",94.0070732772445,-3.05468355393439,0.318035024576931,-9.60486524400233,7.6257615538074e-22,5.69992229824499e-20
"ENSG00000100784.14","ENSG00000100784","RPS6KA5",109.512848086638,-2.28561184471095,0.238002814374681,-9.60329755224146,7.74268326864386e-22,5.76204402900562e-20
"ENSG00000116991.14","ENSG00000116991","SIPA1L2",121.015609309868,-2.60287718549671,0.272710688847239,-9.5444633890193,1.36814039395516e-21,1.009344094969e-19
"ENSG00000138669.13","ENSG00000138669","PRKG2",311.095551005375,-1.63882483274091,0.172015137362608,-9.52721288293524,1.61562476253299e-21,1.1867878104779e-19
"ENSG00000008311.18","ENSG00000008311","AASS",1273.83610887022,1.09072487448012,0.114718712085326,9.50782008142544,1.94699652574882e-21,1.42406501252409e-19
"ENSG00000157514.20","ENSG00000157514","TSC22D3",2199.73028586105,3.19213573770005,0.336204398538606,9.49462812377066,2.20998770602977e-21,1.60951326863928e-19
"ENSG00000108604.20","ENSG00000108604","SMARCD2",2189.81729010877,1.24815898765268,0.131490027738382,9.49242318311826,2.25724937482847e-21,1.63693803599263e-19
"ENSG00000181061.16","ENSG00000181061","HIGD1A",1299.49765742894,1.28989726588665,0.135973178521079,9.48640959868925,2.39128947859996e-21,1.72679471586019e-19
"ENSG00000084090.16","ENSG00000084090","STARD7",3636.06688457068,1.25732067503338,0.132681057876838,9.47626356883962,2.63551391865538e-21,1.8951235528154e-19
"ENSG00000154262.15","ENSG00000154262","ABCA6",3430.79164307556,1.02388247110269,0.108860458804506,9.40545798122533,5.18041035383008e-21,3.69391436192352e-19
"ENSG00000175130.9","ENSG00000175130","MARCKSL1",623.338528953358,-1.11701676079474,0.11878359959855,-9.40379618541528,5.26291867946784e-21,3.73711083897879e-19
"ENSG00000138074.17","ENSG00000138074","SLC5A6",472.61406916736,1.20901897500834,0.128639980593491,9.39846981809563,5.53623163190284e-21,3.91487383696632e-19
"ENSG00000170775.4","ENSG00000170775","GPR37",224.776979092447,1.49560341103928,0.159181921574185,9.39556072856094,5.69138568570198e-21,4.00795846511294e-19
"ENSG00000128311.16","ENSG00000128311","TST",328.954462484142,1.26131301654175,0.134254653204589,9.39492960902934,5.72560948046154e-21,4.0154665335813e-19
"ENSG00000171132.16","ENSG00000171132","PRKCE",404.793222181195,-1.20472187062723,0.128428817980314,-9.38046374305093,6.5683191823436e-21,4.58759407809424e-19
"ENSG00000147119.6","ENSG00000147119","CHST7",509.364170740807,1.55044961314932,0.165382795203162,9.374914792344,6.92316663493692e-21,4.81569819561612e-19
"ENSG00000145244.14","ENSG00000145244","CORIN",150.982211362599,2.00151064325817,0.213532185703234,9.37334405427699,7.02701158518931e-21,4.868062253447e-19
"ENSG00000100626.19","ENSG00000100626","GALNT16",550.687362885565,-1.01461685304102,0.108266310506602,-9.37149191002633,7.15144149938649e-21,4.93420510253217e-19
"ENSG00000169744.15","ENSG00000169744","LDB2",732.852525013178,-1.33327744567015,0.142280660888122,-9.37075662530505,7.20144110196962e-21,4.94866771208735e-19
"ENSG00000170873.21","ENSG00000170873","MTSS1",1013.3881242317,1.8882642640912,0.201711360656724,9.36121920918814,7.88218218266666e-21,5.39470476935764e-19
"ENSG00000140807.8","ENSG00000140807","NKD1",267.409949456597,2.33293961142003,0.249920298557514,9.33473441287185,1.0124475905277e-20,6.87415611066654e-19
"ENSG00000013297.14","ENSG00000013297","CLDN11",2775.53372338476,-1.76602519630029,0.189331979132516,-9.327664583616,1.08229297765375e-20,7.31922100205364e-19
"ENSG00000196950.16","ENSG00000196950","SLC39A10",942.630816537798,-1.18388764145885,0.12694861081229,-9.32572348672159,1.10228966079048e-20,7.42498830007565e-19
"ENSG00000008256.19","ENSG00000008256","CYTH3",1626.90363353212,1.1781988003834,0.126433148468331,9.31874919399419,1.17719838270142e-20,7.86737836784219e-19
"ENSG00000083223.20","ENSG00000083223","TUT7",1539.75465213954,1.11315518164973,0.119472377065328,9.317259846944,1.19383576518374e-20,7.94740199619584e-19
"ENSG00000140105.20","ENSG00000140105","WARS1",2730.8353683655,-1.29417069941091,0.139050628602467,-9.30719057093098,1.31258241600694e-20,8.70390254225304e-19
"ENSG00000176771.19","ENSG00000176771","NCKAP5",107.849429769851,-2.21972586234127,0.238999269461116,-9.28758429825415,1.57829669949653e-20,1.03850704064941e-18
"ENSG00000132970.16","ENSG00000132970","WASF3",730.790442694767,1.1069522864593,0.11936093856477,9.27399113788485,1.79307842143017e-20,1.17529394069281e-18
"ENSG00000231246.4","ENSG00000231246","LINC02884",60.7011289164316,3.12609968607017,0.337145262725553,9.27226341784586,1.82236938228121e-20,1.18991643727343e-18
"ENSG00000111859.19","ENSG00000111859","NEDD9",1847.95964342493,1.61566219765668,0.174313545562073,9.26871283839122,1.88405747186749e-20,1.22550028380022e-18
"ENSG00000116711.12","ENSG00000116711","PLA2G4A",112.298212527411,-2.45025903830263,0.26481798449084,-9.25261569003212,2.19064898161215e-20,1.41413030093311e-18
"ENSG00000162878.15","ENSG00000162878","PKDCC",1616.02841353624,1.57065728902793,0.170022204987103,9.23795388459451,2.51255752397615e-20,1.61581152164534e-18
"ENSG00000157654.21","ENSG00000157654","PALM2AKAP2",7380.09885585464,1.11271758325488,0.121066709065678,9.19094598211339,3.89401607717525e-20,2.48546149764871e-18
"ENSG00000137393.12","ENSG00000137393","RNF144B",164.042526841102,2.10147373786922,0.228718363743916,9.18804115012877,4.0005985839638e-20,2.54396272641459e-18
"ENSG00000152779.16","ENSG00000152779","SLC16A12",46.9200519627984,4.07973831373307,0.444218672902788,9.18407658794181,4.15073161460014e-20,2.62961963479612e-18
"ENSG00000172260.15","ENSG00000172260","NEGR1",1342.87194019858,1.45904811162118,0.159415049824101,9.15251171850526,5.56249095779588e-20,3.49800630637481e-18
"ENSG00000183496.7","ENSG00000183496","MEX3B",190.309840590281,-1.75534612640399,0.191873126362325,-9.14847305447702,5.77439323798148e-20,3.61791211623825e-18
"ENSG00000174697.7","ENSG00000174697","LEP",117.006624664535,3.03484953991179,0.332314930738571,9.13245015253101,6.6966219768798e-20,4.1803601366295e-18
"ENSG00000137767.16","ENSG00000137767","SQOR",1044.41475442972,1.03733939992626,0.114374416784326,9.0696803454076,1.19366683433606e-19,7.34385205442424e-18
"ENSG00000179593.18","ENSG00000179593","ALOX15B",68.6844655405512,9.54457655715724,1.05296004410688,9.06451921948563,1.25154968049195e-19,7.61746773390848e-18
"ENSG00000116962.17","ENSG00000116962","NID1",9591.05059162992,1.48536154428818,0.164114865915707,9.05074342900228,1.41998238081169e-19,8.61186467394765e-18
"ENSG00000074590.15","ENSG00000074590","NUAK1",413.255187762379,1.39017210170627,0.153635495781807,9.04850857955764,1.44934289461323e-19,8.75875943616976e-18
"ENSG00000124151.21","ENSG00000124151","NCOA3",1529.58655847676,1.35435162634745,0.150221214813474,9.01571477789684,1.95590765567467e-19,1.17782962077766e-17
"ENSG00000183876.10","ENSG00000183876","ARSI",196.944992889604,-1.6799006261559,0.186805206665823,-8.99279338161641,2.41025081730514e-19,1.44124541854436e-17
"ENSG00000221968.11","ENSG00000221968","FADS3",1878.44164142257,1.01088541472472,0.112409541646604,8.99287907340434,2.4083717501684e-19,1.44124541854436e-17
"ENSG00000126785.15","ENSG00000126785","RHOJ",693.760205760172,-1.20677633386757,0.134217520539352,-8.99119823565619,2.44549515249407e-19,1.45720728632181e-17
"ENSG00000161647.21","ENSG00000161647","MPP3",177.507308017674,1.60010291411398,0.178229344385687,8.97777478579154,2.76297937024017e-19,1.64065137378512e-17
"ENSG00000111728.13","ENSG00000111728","ST8SIA1",195.901694424766,-1.50849998339397,0.168337356264497,-8.96117188049319,3.21245855737181e-19,1.8878178874045e-17
"ENSG00000166825.17","ENSG00000166825","ANPEP",4072.97717092781,1.06373473206327,0.118716160654247,8.96031952348361,3.23738916404147e-19,1.89593079496889e-17
"ENSG00000143507.20","ENSG00000143507","DUSP10",330.632588704344,-1.15943340210945,0.130311060408759,-8.897428955551,5.71552501229178e-19,3.30182973760937e-17
"ENSG00000158246.9","ENSG00000158246","TENT5B",71.0738429651455,2.36041137361423,0.265314013787672,8.89667055243919,5.75470005584017e-19,3.31322967404149e-17
"ENSG00000103064.17","ENSG00000103064","SLC7A6",610.969017513287,1.42200863062618,0.160127146240945,8.88049693014867,6.65623309148692e-19,3.8065612196349e-17
"ENSG00000115419.16","ENSG00000115419","GLS",4158.22357132641,1.16626824216773,0.132190733288148,8.82261723766605,1.11815031642346e-18,6.35183923082956e-17
"ENSG00000197769.8","ENSG00000197769","MAP1LC3C",151.463680283238,2.43411582272727,0.275919621217568,8.82182938634842,1.12604732743364e-18,6.37544802462594e-17
"ENSG00000108950.14","ENSG00000108950","FAM20A",1108.45962439492,1.1162796450907,0.126785047371427,8.80450548573337,1.31430767948152e-18,7.3922216084898e-17
"ENSG00000197301.7","ENSG00000197301","HMGA2-AS1",227.122701761601,2.33467470874554,0.265641878761563,8.78880513731462,1.51158989288794e-18,8.47385360348562e-17
"ENSG00000186575.22","ENSG00000186575","NF2",2662.69375178234,1.02730877435556,0.116894471306318,8.78834356214788,1.51781201537372e-18,8.4808368413111e-17
"ENSG00000185745.11","ENSG00000185745","IFIT1",245.52283961142,-1.6068623913472,0.183121001888673,-8.77486675353646,1.71106343417394e-18,9.49835278345028e-17
"ENSG00000075213.13","ENSG00000075213","SEMA3A",727.004300301207,-1.19422583374989,0.136159737029304,-8.77077071243802,1.77447460765544e-18,9.8183754102805e-17
"ENSG00000138356.16","ENSG00000138356","AOX1",4475.96521573171,1.56192080488495,0.178521916616144,8.74918236646191,2.14904125179968e-18,1.18141809719904e-16
"ENSG00000116194.15","ENSG00000116194","ANGPTL1",256.259081334887,1.91596193364058,0.219204521561982,8.74052195633578,2.32035875639259e-18,1.27149691081809e-16
"ENSG00000215386.16","ENSG00000215386","MIR99AHG",228.166707133087,-1.46434159161439,0.168103773242627,-8.71093826966561,3.01369758527456e-18,1.64087649355429e-16
"ENSG00000155962.15","ENSG00000155962","CLIC2",428.630623017165,-1.27763982626087,0.146755361340452,-8.70591584928146,3.1502051477917e-18,1.7097387302123e-16
"ENSG00000135821.20","ENSG00000135821","GLUL",19682.3325094059,2.92058286854853,0.336074384866087,8.6902870318792,3.61524921151077e-18,1.95590720833545e-16
"ENSG00000070882.15","ENSG00000070882","OSBPL3",1113.44536589254,-1.08791187984423,0.125361365197883,-8.67820702276945,4.02056702276141e-18,2.16146697797791e-16
"ENSG00000120162.12","ENSG00000120162","MOB3B",60.2981413531511,2.68216139212971,0.309366839681695,8.66984126317276,4.32723219786159e-18,2.31901544389803e-16
"ENSG00000170989.12","ENSG00000170989","S1PR1",244.982867012501,-1.46562715997078,0.169244939088824,-8.65979903364544,4.72596703509645e-18,2.51687281912855e-16
"ENSG00000081803.19","ENSG00000081803","CADPS2",1173.4201395622,1.33355015385382,0.15406741775714,8.65562734332269,4.90207837846722e-18,2.60253020952767e-16
"ENSG00000135069.16","ENSG00000135069","PSAT1",762.956402997601,-1.33259224508957,0.154160618498428,-8.64418071274899,5.41927280436382e-18,2.8681753767692e-16
"ENSG00000107796.16","ENSG00000107796","ACTA2",3648.54107873138,1.08222332781869,0.125612466974995,8.61557259307803,6.959291119664e-18,3.64923813111735e-16
"ENSG00000182580.5","ENSG00000182580","EPHB3",431.253187586264,-1.5151869542667,0.176177879997443,-8.60032459403356,7.94909530585201e-18,4.1554749141819e-16
"ENSG00000145632.17","ENSG00000145632","PLK2",525.049677806454,-1.01950219805162,0.118670609669691,-8.59102519898829,8.61967249616982e-18,4.47855056950384e-16
"ENSG00000198947.19","ENSG00000198947","DMD",1313.48324703219,1.01642994999605,0.118381004924906,8.58608989373608,8.9979274042719e-18,4.66087169676601e-16
"ENSG00000174437.20","ENSG00000174437","ATP2A2",10642.9998651135,1.3461599593768,0.157588210837276,8.54226310600624,1.31618328336054e-17,6.75614322741876e-16
"ENSG00000164619.11","ENSG00000164619","BMPER",571.541914332267,-1.50817170235662,0.176588445226065,-8.54060241838524,1.33523883392616e-17,6.83337543776866e-16
"ENSG00000009413.18","ENSG00000009413","REV3L",7857.40360353569,1.10222477555024,0.129117032015529,8.53663345837808,1.38189048754138e-17,7.05095140379644e-16
"ENSG00000151690.17","ENSG00000151690","MFSD6",885.420354912387,1.01558930600412,0.11940129840396,8.50568058789585,1.80533368071057e-17,9.10610652203557e-16
"ENSG00000169855.22","ENSG00000169855","ROBO1",1745.72258339279,-1.10427533310446,0.129833910587133,-8.50529209288027,1.81138957338931e-17,9.10610652203557e-16
"ENSG00000133110.17","ENSG00000133110","POSTN",4052.3183836895,-1.41166267908752,0.165965993882248,-8.50573449455609,1.80449495906246e-17,9.10610652203557e-16
"ENSG00000099860.12","ENSG00000099860","GADD45B",376.110279810119,1.47528158008353,0.173451750978472,8.5054291568762,1.8092507234653e-17,9.10610652203557e-16
"ENSG00000049246.17","ENSG00000049246","PER3",206.863645661063,-2.26052410065042,0.266676691113745,-8.47664672607717,2.31777378191452e-17,1.15834313171224e-15
"ENSG00000170214.6","ENSG00000170214","ADRA1B",227.835209590226,4.07265099943226,0.480972589889701,8.46753242293124,2.50646167031299e-17,1.24898011068637e-15
"ENSG00000182552.16","ENSG00000182552","RWDD4",493.322795958006,1.09429695875988,0.129272195286131,8.46506053631844,2.56019679355508e-17,1.27203713573661e-15
"ENSG00000126861.5","ENSG00000126861","OMG",312.78928141422,-1.71542313180295,0.203217712019193,-8.44130718114245,3.13808250844799e-17,1.54564167945002e-15
"ENSG00000147883.14","ENSG00000147883","CDKN2B",516.703740670927,-1.42177850588814,0.168680962162181,-8.4288024425729,3.49220577192241e-17,1.7151057857378e-15
"ENSG00000146373.18","ENSG00000146373","RNF217",840.594245064035,1.06947020493896,0.127343705002454,8.39829660145632,4.53001792491415e-17,2.21840705391917e-15
"ENSG00000151012.14","ENSG00000151012","SLC7A11",801.500099077209,-1.14599580289297,0.136505771352334,-8.39521868958236,4.6502789499826e-17,2.27077518239552e-15
"ENSG00000135472.11","ENSG00000135472","FAIM2",156.84846532265,-1.71512218481895,0.204784279441648,-8.37526293275686,5.51007135755592e-17,2.67528877707886e-15
"ENSG00000183508.7","ENSG00000183508","TENT5C",90.5050768589957,-2.54735332824819,0.304959477867034,-8.3530879120893,6.65011167038728e-17,3.2105156681796e-15
"ENSG00000185022.15","ENSG00000185022","MAFF",447.682950499855,1.22649123557628,0.146841146766255,8.35250379465253,6.68309174883721e-17,3.21732343456733e-15
"ENSG00000025423.13","ENSG00000025423","HSD17B6",177.550938970967,-1.97817231518273,0.23694978118154,-8.34848762180179,6.91425901744457e-17,3.31923386409269e-15
"ENSG00000171793.19","ENSG00000171793","CTPS1",706.026432998397,1.4912143131206,0.178868052405571,8.33695169744106,7.62301829597588e-17,3.62881222905086e-15
"ENSG00000087448.13","ENSG00000087448","KLHL42",986.066457488995,1.05665410651185,0.126753460338028,8.33629396541875,7.66552061563631e-17,3.63888028779036e-15
"ENSG00000188176.14","ENSG00000188176","SMTNL2",56.5426838273832,-3.30788493690897,0.396976738197972,-8.33269211673388,7.90244767982429e-17,3.7409309266546e-15
"ENSG00000149633.14","ENSG00000149633","KIAA1755",252.440523712265,-1.44814751822989,0.174043237310046,-8.32061929329728,8.75048911425711e-17,4.10814973788346e-15
"ENSG00000149591.19","ENSG00000149591","TAGLN",978.655621443945,1.29981431906182,0.156637981532736,8.29820651634337,1.05694829995682e-16,4.92145161963501e-15
"ENSG00000106123.15","ENSG00000106123","EPHB6",201.935224989043,1.35411316076938,0.163288390143949,8.29277059793191,1.10640595824151e-16,5.13770309001411e-15
"ENSG00000143127.15","ENSG00000143127","ITGA10",272.404708862617,3.79978662386723,0.458498380419041,8.28745920627778,1.15693261634634e-16,5.35772979559087e-15
"ENSG00000272841.1","ENSG00000272841","MAP3K4-AS1",107.84344487105,-2.08100011430675,0.251135283705686,-8.28637092964421,1.16756270123283e-16,5.39230448628993e-15
"ENSG00000130066.18","ENSG00000130066","SAT1",3504.06406298916,1.30417975106686,0.15775793151618,8.26696786990452,1.37408974866484e-16,6.31192385357041e-15
"ENSG00000146006.9","ENSG00000146006","LRRTM2",51.9714512411482,-4.22345422865011,0.51190644180122,-8.25044165060562,1.57810215606427e-16,7.19091362129607e-15
"ENSG00000067082.17","ENSG00000067082","KLF6",3294.05804559684,1.0943230652707,0.132856363304284,8.2368886070165,1.76746903790435e-16,8.03232195839092e-15
"ENSG00000157510.16","ENSG00000157510","AFAP1L1",510.246452249175,1.73947973103442,0.21183830660767,8.21135591050574,2.18704553467027e-16,9.91266755368371e-15
"ENSG00000138615.8","ENSG00000138615","CILP",853.841756234546,1.35755721806492,0.166153790454767,8.17048599583108,3.07149600348706e-16,1.37748512872175e-14
"ENSG00000143344.18","ENSG00000143344","RGL1",1126.56872970667,-1.10928622581058,0.135864179784198,-8.16467024327185,3.22314471868465e-16,1.4379275470111e-14
"ENSG00000117461.17","ENSG00000117461","PIK3R3",161.480966391333,-1.70557548293263,0.210060910100369,-8.1194329878781,4.68366709925815e-16,2.06785115817506e-14
"ENSG00000270885.3","ENSG00000270885","RASL10B",160.365036009018,1.53766309133395,0.189610618822995,8.10958321258046,5.07936856006231e-16,2.23675966409772e-14
"ENSG00000196155.15","ENSG00000196155","PLEKHG4",244.234342027312,-1.38336568581108,0.170594328169885,-8.10909542334532,5.09979860950108e-16,2.23996824492571e-14
"ENSG00000106034.20","ENSG00000106034","CPED1",2461.13467878212,1.05608729646391,0.130416467015745,8.09780636318276,5.59590451994571e-16,2.45155282336542e-14
"ENSG00000138166.8","ENSG00000138166","DUSP5",403.610793694493,1.2442742547952,0.15443292592114,8.05705290742583,7.81558284149868e-16,3.39778476491889e-14
"ENSG00000253276.5","ENSG00000253276","CCDC71L",1129.20383419538,1.05993089876773,0.131752095608854,8.04488834784419,8.63240903302356e-16,3.73384555179664e-14
"ENSG00000083290.22","ENSG00000083290","ULK2",1529.90023285574,1.14233169527579,0.141991124431717,8.04509225381285,8.61804769916933e-16,3.73384555179664e-14
"ENSG00000103647.15","ENSG00000103647","CORO2B",551.205863466829,-1.32414839434517,0.164774606718208,-8.03611928268582,9.27284776793736e-16,4.00070561167566e-14
"ENSG00000205208.7","ENSG00000205208","C4orf46",593.255118967523,-1.34641246194172,0.167809253442997,-8.02346970930943,1.02799344579702e-15,4.36884396590346e-14
"ENSG00000129682.18","ENSG00000129682","FGF13",277.314985822537,-1.5256006534684,0.190153773471203,-8.02298384943406,1.03206924426282e-15,4.37525474147436e-14
"ENSG00000206190.14","ENSG00000206190","ATP10A",316.566965360014,1.30382438836708,0.162615099649422,8.01785560613968,1.07607195730621e-15,4.52800451763271e-14
"ENSG00000198542.17","ENSG00000198542","ITGBL1",2179.93573392537,1.01127568818453,0.126288917838234,8.00763602614674,1.16934375612041e-15,4.89630375720002e-14
"ENSG00000113361.15","ENSG00000113361","CDH6",2301.68028366419,-1.22285288569351,0.152984123671178,-7.99333196379184,1.31339853514534e-15,5.48601417547719e-14
"ENSG00000107968.12","ENSG00000107968","MAP3K8",700.854922459365,1.03409488656356,0.129463776718459,7.9875229409719,1.37677042191672e-15,5.73665563088137e-14
"ENSG00000107821.17","ENSG00000107821","KAZALD1",470.396605072572,-1.02173540211424,0.128076179677782,-7.97755995443301,1.49254411127006e-15,6.20388701079617e-14
"ENSG00000143878.10","ENSG00000143878","RHOB",3348.71155169004,1.2172341972074,0.152625966999723,7.97527590576775,1.52040786669086e-15,6.30432867740768e-14
"ENSG00000072163.22","ENSG00000072163","LIMS2",620.494044642098,1.35711613452888,0.170304346090177,7.96876982699126,1.60261630975699e-15,6.61302352321514e-14
"ENSG00000153904.22","ENSG00000153904","DDAH1",2978.20409495499,1.22121898073987,0.153425784998974,7.95967236372973,1.72495423585949e-15,7.10064494867569e-14
"ENSG00000164330.20","ENSG00000164330","EBF1",932.997431998372,1.11720008830654,0.140414275482616,7.95645659578865,1.7703619932644e-15,7.25252622336826e-14
"ENSG00000177570.17","ENSG00000177570","SAMD12",106.275724202993,-1.960001362481,0.246828231870382,-7.94075032515026,2.0096183575293e-15,8.21292950815692e-14
"ENSG00000171033.15","ENSG00000171033","PKIA",247.251808518362,-1.30084250352164,0.163876178927915,-7.93795969635009,2.05534097669956e-15,8.37969400117559e-14
"ENSG00000133816.22","ENSG00000133816","MICAL2",1905.30347513602,1.05759553892036,0.133896893960967,7.89858157000019,2.82095143947319e-15,1.14463462932148e-13
"ENSG00000118523.8","ENSG00000118523","CCN2",11260.1578736968,1.21683505624042,0.154107297535629,7.89602488460413,2.87939223950832e-15,1.16557250702377e-13
"ENSG00000172465.16","ENSG00000172465","TCEAL1",435.04865867964,1.01262295037955,0.128323402812765,7.89117906931636,2.99344765680163e-15,1.2088704968534e-13
"ENSG00000128165.10","ENSG00000128165","ADM2",57.3796194168345,-2.60305041308267,0.330194909524968,-7.88337535798938,3.18654006224674e-15,1.28380651869525e-13
"ENSG00000183801.10","ENSG00000183801","OLFML1",1271.88859070075,-1.03006830938096,0.130781156445481,-7.87627466660583,3.37286356528588e-15,1.35247860893181e-13
"ENSG00000168621.17","ENSG00000168621","GDNF",195.360781541052,1.72889129593202,0.219722876223654,7.86850839405635,3.58894479408331e-15,1.43238400891728e-13
"ENSG00000104321.13","ENSG00000104321","TRPA1",557.552185697496,-1.34335241199503,0.171101210253727,-7.85121513753738,4.12025465085684e-15,1.63296231999773e-13
"ENSG00000079691.21","ENSG00000079691","CARMIL1",1522.74818861722,1.15564048716294,0.147585343262725,7.83032014978427,4.86629199284762e-15,1.91970713291919e-13
"ENSG00000016391.13","ENSG00000016391","CHDH",96.029426279784,-1.98045921946132,0.253051779758208,-7.82630029851462,5.02436390215167e-15,1.97293109724582e-13
"ENSG00000189058.11","ENSG00000189058","APOD",480.228276770006,1.04883424563959,0.134076198111718,7.82267293084831,5.17133410893746e-15,2.02597415826465e-13
"ENSG00000162426.18","ENSG00000162426","SLC45A1",170.180048350016,1.29142265494183,0.165219719986979,7.81639537364912,5.43574585765992e-15,2.1246784611523e-13
"ENSG00000196932.13","ENSG00000196932","TMEM26",72.5511162270468,-2.04842726727267,0.262566329988137,-7.8015611040655,6.11459870305035e-15,2.37910938578502e-13
"ENSG00000134294.16","ENSG00000134294","SLC38A2",20670.9520322668,1.21487198560322,0.156075209419739,7.7838882300393,7.03288960935098e-15,2.71778922273377e-13
"ENSG00000213639.13","ENSG00000213639","PPP1CB",4324.22478563805,1.03760680260358,0.133340112828262,7.78165535182941,7.15816575589864e-15,2.75994255230825e-13
"ENSG00000213160.12","ENSG00000213160","KLHL23",217.85564838108,1.60243911724841,0.205981770448863,7.77951909897887,7.28007548762615e-15,2.80061052957392e-13
"ENSG00000097096.12","ENSG00000097096","SYDE2",257.287563673593,1.41541665677257,0.182030451653316,7.77571359031888,7.50232764956905e-15,2.87960963522423e-13
"ENSG00000085117.15","ENSG00000085117","CD82",2148.19392239837,1.2185274911164,0.157056818081024,7.75851380414298,8.59303922384175e-15,3.27612023384141e-13
"ENSG00000168994.15","ENSG00000168994","PXDC1",1400.21038387753,1.35618447931825,0.175044256021268,7.74766627676991,9.35967315107563e-15,3.55250667796505e-13
"ENSG00000154310.19","ENSG00000154310","TNIK",764.091872139103,-1.11959234853588,0.144863447267502,-7.72860490105872,1.08731564744408e-14,4.10865482566343e-13
"ENSG00000125398.10","ENSG00000125398","SOX9",571.333286451571,-1.31421703864236,0.170202047902524,-7.72151131457023,1.14958395866841e-14,4.32477038049161e-13
"ENSG00000170485.19","ENSG00000170485","NPAS2",324.981555056161,1.16281683043939,0.151490451823673,7.6758423810951,1.64335094860639e-14,6.14166378643644e-13
"ENSG00000112936.23","ENSG00000112936","C7",1996.15085121576,3.19452890069811,0.416254680933272,7.6744576025806,1.66120054839307e-14,6.19478769052838e-13
"ENSG00000164104.14","ENSG00000164104","HMGB2",1074.7178122148,1.24905165425282,0.162984115404102,7.663640417693,1.80735464291468e-14,6.72509559488036e-13
"ENSG00000214944.12","ENSG00000214944","ARHGEF28",636.442115026809,1.07041076785754,0.139679054713527,7.66335919191955,1.81131838298751e-14,6.72516075879589e-13
"ENSG00000070193.7","ENSG00000070193","FGF10",224.430647843979,-1.30207714872937,0.170202834140002,-7.65014963063622,2.007455841124e-14,7.42105476018118e-13
"ENSG00000205213.16","ENSG00000205213","LGR4",392.725584050424,-1.08144915439862,0.141536228389372,-7.64079392749894,2.15886354601295e-14,7.9462964473332e-13
"ENSG00000101265.18","ENSG00000101265","RASSF2",1661.01307238338,-1.03968477627656,0.136304985650892,-7.62763571201594,2.39098053388645e-14,8.78170048674414e-13
"ENSG00000150938.12","ENSG00000150938","CRIM1",11100.3291208608,1.04768117710094,0.137822294867595,7.60168141233927,2.92307633246005e-14,1.06670378710459e-12
"ENSG00000122966.20","ENSG00000122966","CIT",305.270064270187,-1.53712147092991,0.202319731743156,-7.59748669932642,3.01937240871102e-14,1.09949026900114e-12
"ENSG00000089041.19","ENSG00000089041","P2RX7",100.625384880131,-1.95384807549128,0.257445055294221,-7.58937891915744,3.21442482767806e-14,1.16553676411254e-12
"ENSG00000176928.9","ENSG00000176928","GCNT4",472.010219472469,1.67631964516117,0.220966793163088,7.58629666098259,3.29178280326539e-14,1.18852886722985e-12
"ENSG00000186469.11","ENSG00000186469","GNG2",347.617457368133,-1.08977219385197,0.143644945457255,-7.58656832917424,3.28489158916817e-14,1.18852886722985e-12
"ENSG00000164105.6","ENSG00000164105","SAP30",572.146525451575,1.22990154187333,0.162455533140969,7.57069653519341,3.71228334041878e-14,1.3263046684993e-12
"ENSG00000158716.11","ENSG00000158716","DUSP23",162.046122223052,1.29939111216315,0.171644613570971,7.57024112280622,3.72532109524049e-14,1.32817828671733e-12
"ENSG00000114670.16","ENSG00000114670","NEK11",177.049482662146,-1.2485462659546,0.165488675734574,-7.54460243525749,4.53669325138127e-14,1.61407779519916e-12
"ENSG00000068831.21","ENSG00000068831","RASGRP2",105.733622598799,2.016394166006,0.267295741813433,7.54368233599997,4.56883275860881e-14,1.62212599733774e-12
"ENSG00000119514.9","ENSG00000119514","GALNT12",343.420518157806,-1.1152884996268,0.148004191121751,-7.53551971179883,4.86393707017297e-14,1.72331009459226e-12
"ENSG00000169271.3","ENSG00000169271","HSPB3",86.2360137940557,2.30904523737516,0.306510694013766,7.53332683808892,4.94635944670517e-14,1.74887671557572e-12
"ENSG00000132622.13","ENSG00000132622","HSPA12B",61.2888062826541,-2.22621418376916,0.296725538298167,-7.50260390978594,6.25623836167735e-14,2.20286806115094e-12
"ENSG00000176971.4","ENSG00000176971","FIBIN",2377.19348312585,1.24500975564822,0.16595161703511,7.50224540074724,6.27337829434296e-14,2.20434871942665e-12
"ENSG00000107104.23","ENSG00000107104","KANK1",1302.02767364805,1.16657235766573,0.155544531575929,7.49992523585616,6.38542436434873e-14,2.23910292216525e-12
"ENSG00000136237.21","ENSG00000136237","RAPGEF5",102.592195272149,2.64643661543111,0.353663919489303,7.48291377659505,7.2692577627459e-14,2.52821817944318e-12
"ENSG00000105516.12","ENSG00000105516","DBP",89.8257320785888,-1.65410110690352,0.222607149571289,-7.43058392369289,1.08119310743908e-13,3.72989735566332e-12
"ENSG00000164171.13","ENSG00000164171","ITGA2",794.541511015247,-1.02705008589147,0.13904842256384,-7.38627642769508,1.50997709095301e-13,5.10575983809945e-12
"ENSG00000155324.12","ENSG00000155324","GRAMD2B",639.911653609633,1.16754706582622,0.158090256322181,7.38531958254789,1.52087637498104e-13,5.13243072919345e-12
"ENSG00000077264.19","ENSG00000077264","PAK3",198.20163112019,-1.12372725872942,0.152637214456957,-7.36207918054158,1.81067509015428e-13,6.08629682177696e-12
"ENSG00000119711.15","ENSG00000119711","ALDH6A1",612.463618969554,1.19336669165432,0.162582694419251,7.34005975185151,2.13498518216668e-13,7.1202382533238e-12
"ENSG00000167645.19","ENSG00000167645","YIF1B",627.41726251159,1.1407355868326,0.155505850718176,7.33564416749798,2.20657567450435e-13,7.34462161033265e-12
"ENSG00000196616.17","ENSG00000196616","ADH1B",40214.4635722199,1.15199259982897,0.157186727955959,7.32881595545227,2.32194994567504e-13,7.69857411949299e-12
"ENSG00000077063.12","ENSG00000077063","CTTNBP2",333.723162039714,-1.01523234577442,0.138957338752903,-7.3060721721199,2.75064469424675e-13,9.03207839679249e-12
"ENSG00000168646.16","ENSG00000168646","AXIN2",332.415226645178,1.15080672207186,0.15756636128864,7.30363202310514,2.80101767181229e-13,9.1797967621202e-12
"ENSG00000124249.8","ENSG00000124249","KCNK15",148.506474763846,-1.38037528158589,0.189073620891534,-7.30072907620349,2.86212545436424e-13,9.36206180293193e-12
"ENSG00000273179.1","ENSG00000273179",NA,169.232466848902,-1.50921639633233,0.206903656009655,-7.29429544861164,3.00225970686857e-13,9.80163025372687e-12
"ENSG00000166592.15","ENSG00000166592","RRAD",108.953011229448,-1.48147097398219,0.203613475013586,-7.27589848306131,3.4412230459183e-13,1.1170537742579e-11
"ENSG00000165030.7","ENSG00000165030","NFIL3",1453.52688272793,1.12487508283718,0.154614165621627,7.27536884032981,3.45475211021968e-13,1.11931341183201e-11
"ENSG00000109625.21","ENSG00000109625","CPZ",123.272909810789,-1.44453986502171,0.198868473880588,-7.26379519505489,3.76377748863796e-13,1.21481621138955e-11
"ENSG00000007237.21","ENSG00000007237","GAS7",429.763941817067,-1.39171470177295,0.192392997912634,-7.23370765502043,4.6998292229572e-13,1.49989680931904e-11
"ENSG00000075240.19","ENSG00000075240","GRAMD4",584.492682869784,-1.16401205067435,0.160953521234573,-7.23197629816323,4.76015292817424e-13,1.51630890097094e-11
"ENSG00000145362.23","ENSG00000145362","ANK2",2008.22764430147,-1.01238451947559,0.140163664414883,-7.22287422850863,5.0900087210997e-13,1.61534317737395e-11
"ENSG00000185338.9","ENSG00000185338","SOCS1",230.057638585294,-1.22171258387381,0.169162012282956,-7.22214501581043,5.11738572935452e-13,1.62101278066282e-11
"ENSG00000141298.20","ENSG00000141298","SSH2",2101.98132533252,1.24410807926091,0.172748043314863,7.20186495538656,5.93945041277248e-13,1.86810121594464e-11
"ENSG00000175471.20","ENSG00000175471","MCTP1",159.625195551816,1.80724595269514,0.251252479468747,7.19294773335735,6.3407220480911e-13,1.98637105043324e-11
"ENSG00000100739.13","ENSG00000100739","BDKRB1",188.343790884677,-1.8309444704612,0.254563164435907,-7.19249571916047,6.36175626907069e-13,1.98930367591748e-11
"ENSG00000159023.25","ENSG00000159023","EPB41",352.779800116419,-1.01070338440954,0.140570132776367,-7.19002937855559,6.47773823375217e-13,2.02186108021254e-11
"ENSG00000012048.28","ENSG00000012048","BRCA1",225.071637363353,-1.22654115062772,0.170842676030581,-7.17936044509256,7.00382730566512e-13,2.17808804640775e-11
"ENSG00000254332.1","ENSG00000254332",NA,308.05803117691,1.01894838757418,0.142308854166638,7.16011940044875,8.06068222253644e-13,2.48858960935627e-11
"ENSG00000119714.13","ENSG00000119714","GPR68",63.0886146247514,-2.91874749647721,0.407724731378654,-7.15862264868738,8.14916607535623e-13,2.51015033780285e-11
"ENSG00000183570.19","ENSG00000183570","PCBP3",189.272937784476,1.62077206654172,0.226414116700116,7.15844087004708,8.15997703991772e-13,2.51015033780285e-11
"ENSG00000178031.20","ENSG00000178031","ADAMTSL1",1436.96604982015,-1.14807147738621,0.160779585400167,-7.14065454596586,9.28875287736609e-13,2.83528173691917e-11
"ENSG00000167549.21","ENSG00000167549","CORO6",1973.35314328219,2.26751632114906,0.317557666162213,7.14048679269101,9.30009676644651e-13,2.83528173691917e-11
"ENSG00000166793.13","ENSG00000166793","YPEL4",145.24994180776,-1.28503820361917,0.1801377400844,-7.1336423062546,9.77471490749024e-13,2.96935278883153e-11
"ENSG00000136960.15","ENSG00000136960","ENPP2",464.148779524897,-1.06660008942687,0.149854783422927,-7.11755784542869,1.09856119916306e-12,3.32534279860336e-11
"ENSG00000162643.15","ENSG00000162643","DNAI3",89.5960068408104,-1.61586181370597,0.227281270990907,-7.10952471649379,1.16443247424898e-12,3.50605269013271e-11
"ENSG00000181826.12","ENSG00000181826","RELL1",394.539853936835,1.11350018117976,0.156739685848752,7.10413686967732,1.21076821074609e-12,3.63913789198147e-11
"ENSG00000135362.16","ENSG00000135362","PRR5L",113.290568100345,1.52648636226765,0.215074660492041,7.0974719140572,1.27059616563401e-12,3.8122358899181e-11
"ENSG00000101255.15","ENSG00000101255","TRIB3",287.128988100495,-1.13010265453794,0.159335213905137,-7.0926107722224,1.31605221306085e-12,3.94168045957521e-11
"ENSG00000128602.13","ENSG00000128602","SMO",294.748126472048,-1.00784587693086,0.142306278640588,-7.08223057027794,1.41852376577432e-12,4.24113719584666e-11
"ENSG00000025708.16","ENSG00000025708","TYMP",176.474784750012,1.30077643840546,0.183725635607455,7.07999422130007,1.44160473046342e-12,4.3025968155092e-11
"ENSG00000184564.12","ENSG00000184564","SLITRK6",44.4625505939267,-3.17343802490968,0.451105699886449,-7.03479921825082,1.99548139491806e-12,5.84312610518789e-11
"ENSG00000103710.12","ENSG00000103710","RASL12",1062.86195395675,-1.06063362226796,0.150933396343505,-7.02716329164222,2.107746493026e-12,6.1507218722858e-11
"ENSG00000157617.19","ENSG00000157617","C2CD2",981.362700388826,1.10310939418137,0.157519120828444,7.00301898829654,2.50504865389453e-12,7.27274943094898e-11
"ENSG00000077943.10","ENSG00000077943","ITGA8",472.773032446013,1.19260779895307,0.170514886420608,6.99415648679067,2.66859569834987e-12,7.69512823879501e-11
"ENSG00000184307.19","ENSG00000184307","ZDHHC23",102.187692537233,1.69978703273436,0.244236613001157,6.95959140543072,3.41261042376919e-12,9.74165943749992e-11
"ENSG00000241399.9","ENSG00000241399","CD302",1131.84769238919,1.31241987194517,0.189884797155676,6.91166376457822,4.79002129280173e-12,1.34705516290309e-10
"ENSG00000107731.14","ENSG00000107731","UNC5B",566.451025009198,-1.01815324355046,0.147399058565395,-6.90746096657562,4.93404654070884e-12,1.38527217704712e-10
"ENSG00000127324.11","ENSG00000127324","TSPAN8",26.6992161667712,4.23415350718581,0.613371933828627,6.90307670381411,5.08881339097427e-12,1.42637430606881e-10
"ENSG00000131979.22","ENSG00000131979","GCH1",85.298875139162,1.58983979072239,0.230404101783214,6.90022347005899,5.19207974605941e-12,1.45292977064605e-10
"ENSG00000049759.22","ENSG00000049759","NEDD4L",1192.31266750279,-1.10677703011547,0.16072081226251,-6.88633298037181,5.72489021535796e-12,1.58639965935171e-10
"ENSG00000235513.2","ENSG00000235513",NA,62.3283488748534,-1.90447237183696,0.277513378796407,-6.86263264170101,6.76029169156452e-12,1.8582079194781e-10
"ENSG00000154263.19","ENSG00000154263","ABCA10",159.272586080974,-1.48859196303602,0.217545832470087,-6.842659066984,7.77365098194347e-12,2.11978037001079e-10
"ENSG00000182010.13","ENSG00000182010","RTKN2",138.798311631936,-1.78999747683235,0.261734777564113,-6.83897452792222,7.97620647183668e-12,2.16975296371681e-10
"ENSG00000177606.9","ENSG00000177606","JUN",3202.33751880257,-1.20155561050432,0.176187463953996,-6.81975654532413,9.11949220435869e-12,2.45908838839685e-10
"ENSG00000169908.14","ENSG00000169908","TM4SF1",853.297108230494,1.17648547929707,0.173195916676909,6.79280148094809,1.09976669657685e-11,2.94226437096746e-10
"ENSG00000166979.15","ENSG00000166979","EVA1C",134.792050763422,1.30693102929212,0.193133387440004,6.76698651960479,1.31492322782904e-11,3.49593161445593e-10
"ENSG00000144362.14","ENSG00000144362","PHOSPHO2",233.213783780577,1.28030048771471,0.189629111448269,6.75160305259339,1.46220471441232e-11,3.86339422372322e-10
"ENSG00000143786.10","ENSG00000143786","CNIH3",80.7036922515048,-1.55042148236261,0.229652048917621,-6.75117635427136,1.46651211893355e-11,3.86877701716186e-10
"ENSG00000081320.14","ENSG00000081320","STK17B",1517.28655677379,1.08025083189763,0.160105671346298,6.74711159707218,1.50817277357411e-11,3.97253174764296e-10
"ENSG00000112715.26","ENSG00000112715","VEGFA",1960.0855071665,-1.26178331296814,0.187262500932415,-6.73804582703683,1.60530943515161e-11,4.2088743682852e-10
"ENSG00000121858.13","ENSG00000121858","TNFSF10",251.208232444793,-1.02221552925934,0.151761385209972,-6.73567606044871,1.63169451868128e-11,4.27148048961082e-10
"ENSG00000144810.18","ENSG00000144810","COL8A1",3387.36857730401,1.04524774007308,0.155617819317163,6.7167612594723,1.85808019914735e-11,4.84180470242648e-10
"ENSG00000011198.12","ENSG00000011198","ABHD5",1806.30727003258,1.16652993919746,0.173682025400595,6.71646899848659,1.86180896512800e-11,4.84202382647022e-10
"ENSG00000116675.16","ENSG00000116675","DNAJC6",51.2820426969945,2.23076576151216,0.332293695773329,6.7132352791726,1.90355803707148e-11,4.93015745710822e-10
"ENSG00000129467.16","ENSG00000129467","ADCY4",111.309602478604,-1.62047628165274,0.241414008488834,-6.71243682914815,1.91400675198063e-11,4.94969697530407e-10
"ENSG00000102524.13","ENSG00000102524","TNFSF13B",64.6525421490237,-1.6842063010451,0.251241422780423,-6.70353750749553,2.03433446735492e-11,5.22912941065799e-10
"ENSG00000157152.18","ENSG00000157152","SYN2",36.3504273872482,3.48034106138841,0.520171753682528,6.69075365347988,2.22024150722068e-11,5.67276698141751e-10
"ENSG00000162630.8","ENSG00000162630","B3GALT2",42.8645119182741,2.84427553336304,0.425605762982463,6.68288773495822,2.34279053535179e-11,5.95484190213926e-10
"ENSG00000261468.2","ENSG00000261468",NA,39.6005367242312,2.63929971498731,0.395380866972318,6.67533493767187,2.46668154180452e-11,6.2555337552727e-10
"ENSG00000149256.16","ENSG00000149256","TENM4",643.476611684311,-1.38607976579561,0.207853068887352,-6.66855569280436,2.58333020877836e-11,6.54162160742955e-10
"ENSG00000157168.23","ENSG00000157168","NRG1",98.3139785829242,-1.53585799773849,0.230376032698818,-6.66674384373309,2.61540985671993e-11,6.61302889884586e-10
"ENSG00000105835.15","ENSG00000105835","NAMPT",2287.7028626358,1.01982645166636,0.153364305546776,6.64969888547705,2.93693242755829e-11,7.38218324932867e-10
"ENSG00000090376.13","ENSG00000090376","IRAK3",631.341115439356,1.03128150245022,0.155163334627572,6.64642523264616,3.00296880896153e-11,7.52596977092976e-10
"ENSG00000225783.10","ENSG00000225783","MIAT",63.4958883005619,-1.79992091326936,0.270832796149878,-6.64587501534818,3.01420958054088e-11,7.53198822163894e-10
"ENSG00000171819.6","ENSG00000171819","ANGPTL7",240.488733326432,5.06190835007177,0.763538915625569,6.6295355043227,3.36744834680753e-11,8.36560564523236e-10
"ENSG00000196850.8","ENSG00000196850","PPTC7",497.742315113348,1.16542189864705,0.176995488950278,6.58447232502319,4.5650374587924e-11,1.12099954427579e-09
"ENSG00000138944.9","ENSG00000138944","SHISAL1",245.377656125909,-1.56494170649328,0.238353693947628,-6.56562808226137,5.18139935875675e-11,1.26869838896455e-09
"ENSG00000185112.6","ENSG00000185112","FAM43A",713.031874201284,1.14430507460398,0.174392382905756,6.56166889595389,5.32088615369213e-11,1.30098338351824e-09
"ENSG00000137801.13","ENSG00000137801","THBS1",91888.8611608831,1.89302528270886,0.29043160659107,6.51797269907423,7.1263958324571e-11,1.71536776520811e-09
"ENSG00000131459.15","ENSG00000131459","GFPT2",1056.3458683991,1.2266510382269,0.188339137548722,6.51299063058293,7.36691073236474e-11,1.76826609437972e-09
"ENSG00000105486.17","ENSG00000105486","LIG1",165.36403651802,-1.03999207092684,0.159886441384802,-6.50456700342631,7.79174818549595e-11,1.8649855699048e-09
"ENSG00000134762.18","ENSG00000134762","DSC3",303.552651097004,1.29641727783408,0.199368643717417,6.50261371929482,7.89363062218129e-11,1.8814440987862e-09
"ENSG00000132530.19","ENSG00000132530","XAF1",173.653366743781,-1.03658768834054,0.159603183938337,-6.49478076039525,8.31544168800989e-11,1.97645407597022e-09
"ENSG00000205364.6","ENSG00000205364","MT1M",44.8836145828582,2.41581758380755,0.373611368511397,6.46612439400076,1.00548317317543e-10,2.3832328563638e-09
"ENSG00000153207.18","ENSG00000153207","AHCTF1",1318.09129701039,1.25806976037629,0.194681087493563,6.4622084074699,1.03185850820365e-10,2.44235176344536e-09
"ENSG00000198932.15","ENSG00000198932","GPRASP1",180.569460069862,-1.0330036111062,0.160146407505763,-6.45037017810736,1.11577276158442e-10,2.63365642699747e-09
"ENSG00000102996.7","ENSG00000102996","MMP15",169.212169367767,1.25337498440752,0.194337530946205,6.44947467586416,1.12238512224172e-10,2.64559989671417e-09
"ENSG00000272168.11","ENSG00000272168",NA,104.794945055994,-1.43621299219067,0.222730719472637,-6.44820344311381,1.13183769356217e-10,2.66419585271913e-09
"ENSG00000176293.22","ENSG00000176293","ZNF135",161.116006474197,-1.15083676103225,0.178782833692398,-6.43706522188981,1.21805603504638e-10,2.86318771713936e-09
"ENSG00000064309.18","ENSG00000064309","CDON",335.037076798535,-1.57262596548808,0.246709357992722,-6.37440743344026,1.83671709946883e-10,4.27030461243489e-09
"ENSG00000163251.6","ENSG00000163251","FZD5",54.6318296626864,2.39288334933141,0.3755993777766,6.37083949259002,1.87996308130553e-10,4.36441193134047e-09
"ENSG00000134121.11","ENSG00000134121","CHL1",128.146541878214,1.41668125283222,0.222810519585507,6.35823324440722,2.04087419880228e-10,4.71921005372979e-09
"ENSG00000135744.10","ENSG00000135744","AGT",703.440853841615,-1.10648653260253,0.17506476956337,-6.32044091659463,2.60818039628592e-10,5.9662564179201e-09
"ENSG00000078053.19","ENSG00000078053","AMPH",359.265974874738,1.14013500180557,0.180484839529266,6.31706798631526,2.66572331065476e-10,6.08971268903197e-09
"ENSG00000245812.6","ENSG00000245812","LINC02202",119.073026961256,1.51467657988583,0.240294520298789,6.30341706503518,2.91154037368546e-10,6.64236560218844e-09
"ENSG00000132170.26","ENSG00000132170","PPARG",536.493791587002,1.03547537811191,0.164406075806687,6.29827926389684,3.00967924607787e-10,6.85707937321644e-09
"ENSG00000137959.19","ENSG00000137959","IFI44L",107.100896977419,1.8739703899445,0.297931152437497,6.28994442042323,3.17579654292989e-10,7.22589114614301e-09
"ENSG00000105711.16","ENSG00000105711","SCN1B",109.482277859964,-1.28205820554699,0.204408240245462,-6.27204756524218,3.5633068122256e-10,8.05382953500645e-09
"ENSG00000137872.19","ENSG00000137872","SEMA6D",292.643143261969,-1.3693833332701,0.219274501887552,-6.24506416150632,4.23626183332104e-10,9.52432376826613e-09
"ENSG00000079257.9","ENSG00000079257","LXN",934.61183413799,-1.15537610826084,0.186321174372247,-6.20099198147248,5.61083728603382e-10,1.24993318991619e-08
"ENSG00000154127.11","ENSG00000154127","UBASH3B",419.777365769463,1.06855107589989,0.173396393166108,6.16247579542358,7.16162806238827e-10,1.5809386714925e-08
"ENSG00000040731.12","ENSG00000040731","CDH10",72.2429248799693,-1.85171145760159,0.301110572687357,-6.14960624290074,7.76755409886872e-10,1.70806008971511e-08
"ENSG00000092969.13","ENSG00000092969","TGFB2",152.587569853707,-1.54206717721408,0.250828499293537,-6.14789460351332,7.85181768401674e-10,1.72214513476208e-08
"ENSG00000248869.7","ENSG00000248869","LINC02511",73.756042383482,-1.54165450672225,0.250983495986013,-6.14245371260653,8.12563605959529e-10,1.77713073311527e-08
"ENSG00000136383.9","ENSG00000136383","ALPK3",70.6671886810822,2.75019251405423,0.44991340210575,6.11271524960666,9.79500567402081e-10,2.1264520598301e-08
"ENSG00000074527.15","ENSG00000074527","NTN4",3741.34088598705,1.02005384059727,0.167249580763146,6.09899191341978,1.06739469058444e-09,2.31137742273697e-08
"ENSG00000109265.17","ENSG00000109265","CRACD",106.08352518954,-1.31058411315102,0.215075869054082,-6.0935897593489,1.10406382049519e-09,2.38472187945236e-08
"ENSG00000235750.12","ENSG00000235750","KIAA0040",114.765904044072,2.38952178689145,0.392254829161971,6.09175874774193,1.11676898233495e-09,2.4060653599181e-08
"ENSG00000095637.25","ENSG00000095637","SORBS1",44.6259613191357,1.89388974506305,0.310890606694915,6.09182041618121,1.11633876237371e-09,2.4060653599181e-08
"ENSG00000254726.3","ENSG00000254726","MEX3A",52.0939044169835,-2.06371603193238,0.339045751827344,-6.08683642490619,1.15163521798241e-09,2.47805143748186e-08
"ENSG00000118257.18","ENSG00000118257","NRP2",1994.78596415956,1.04314231331088,0.171703640323175,6.0752486746787,1.23795726636571e-09,2.65374436898169e-08
"ENSG00000076716.11","ENSG00000076716","GPC4",468.383109248498,1.00482791721709,0.165677885004246,6.06494896522455,1.31995558714055e-09,2.81888259599616e-08
"ENSG00000226950.8","ENSG00000226950","DANCR",206.536855826508,1.13429207251996,0.187188542542053,6.05962339957391,1.36440620159001e-09,2.91016401595706e-08
"ENSG00000149403.15","ENSG00000149403","GRIK4",44.3449142566551,-2.08333642853613,0.344147672352476,-6.05361185300238,1.41633646481576e-09,3.01715075417377e-08
"ENSG00000169750.11","ENSG00000169750","RAC3",74.2089318099742,1.46048205831367,0.242752645132257,6.01633839053726,1.78406434037294e-09,3.75358327020194e-08
"ENSG00000157368.14","ENSG00000157368","IL34",53.9141762607739,-2.26385099138034,0.377312604911403,-5.99993470112644,1.97396894215039e-09,4.12765382970883e-08
"ENSG00000161381.16","ENSG00000161381","PLXDC1",543.16950326423,-1.27160095429162,0.2122930938782,-5.98983665017942,2.1005190353258e-09,4.37082361416633e-08
"ENSG00000168481.11","ENSG00000168481","LGI3",21.0245454450526,4.75835112209806,0.797757876644921,5.96465577013159,2.45150303289245e-09,5.05501655349721e-08
"ENSG00000168811.9","ENSG00000168811","IL12A",39.7810027038988,-2.15003118944579,0.361163779340596,-5.95306426732844,2.63167893694137e-09,5.37967495741717e-08
"ENSG00000130032.18","ENSG00000130032","PRRG3",47.4683020298885,-2.31551686170436,0.390490041410247,-5.92977186650372,3.03355854718248e-09,6.16920104547539e-08
"ENSG00000267669.2","ENSG00000267669",NA,47.2524899903233,1.76447800081188,0.297668411688993,5.92766290114594,3.07276468767792e-09,6.24148460159799e-08
"ENSG00000158813.19","ENSG00000158813","EDA",57.4171864660751,1.57714844024331,0.266937794341886,5.90829951274472,3.45657146418285e-09,6.95672666031105e-08
"ENSG00000272870.5","ENSG00000272870","SAP30-DT",151.98219991804,1.00259540514795,0.169777432680021,5.90535143170379,3.51895788531173e-09,7.0719434294201e-08
"ENSG00000105499.16","ENSG00000105499","PLA2G4C",138.496525966051,-1.08511342099462,0.183898507311671,-5.90061027061831,3.62159470960908e-09,7.26108435778329e-08
"ENSG00000123610.6","ENSG00000123610","TNFAIP6",325.649295997972,-2.5914033006302,0.440651320379238,-5.88084769245662,4.08170628981399e-09,8.13799019452556e-08
"ENSG00000235109.10","ENSG00000235109","ZSCAN31",62.3654088345346,-1.67263837045868,0.28577674863753,-5.85295472228988,4.82915629252727e-09,9.52528721495947e-08
"ENSG00000143196.7","ENSG00000143196","DPT",354.807786867323,1.20091574017081,0.206182630374641,5.82452429668153,5.72755055286872e-09,1.12065346179091e-07
"ENSG00000243295.3","ENSG00000243295",NA,22.3832298767312,-3.02421153841945,0.519362052100124,-5.82293513010927,5.78230035589594e-09,1.13006837918783e-07
"ENSG00000124134.10","ENSG00000124134","KCNS1",27.3978922395658,-2.69424104907528,0.462975501642979,-5.81940305591574,5.9058165239294e-09,1.15156664989479e-07
"ENSG00000159884.13","ENSG00000159884","CCDC107",127.661164106173,1.0301459665732,0.177351146313665,5.80851033661363,6.30311388646681e-09,1.22343584115225e-07
"ENSG00000133069.19","ENSG00000133069","TMCC2",145.757209592475,-1.03901960535317,0.179223561715726,-5.79733822610449,6.73757212915423e-09,1.30035905124628e-07
"ENSG00000247311.4","ENSG00000247311",NA,22.17731694725,2.72253282137595,0.469909860093592,5.79373418730501,6.88383818521725e-09,1.32708563747141e-07
"ENSG00000178734.7","ENSG00000178734","LMO7DN",36.6935834049205,-1.95505460355205,0.337898521953392,-5.7859223303194,7.2115531594593e-09,1.38869253043509e-07
"ENSG00000249364.8","ENSG00000249364","LINC02997",17.9257595555917,6.00564440433524,1.04004405900883,5.77441345134806,7.72216094161371e-09,1.48366478880474e-07
"ENSG00000138678.13","ENSG00000138678","GPAT3",118.944029551456,1.18966631130955,0.206081213588724,5.77280330697087,7.79634319652934e-09,1.49623063913573e-07
"ENSG00000143494.18","ENSG00000143494","VASH2",17.302679713903,-4.16496623013457,0.722630569447045,-5.76361754709823,8.2329864999003e-09,1.5711820373046e-07
"ENSG00000147655.14","ENSG00000147655","RSPO2",150.042846663847,-1.3290127040225,0.231485054658274,-5.74124625878953,9.39823020091201e-09,1.7756611871834e-07
"ENSG00000164761.11","ENSG00000164761","TNFRSF11B",7634.54940814496,-1.62698522802597,0.283413393783012,-5.74067868250299,9.42978639057415e-09,1.77965027318012e-07
"ENSG00000147576.19","ENSG00000147576","ADHFE1",117.046566949211,1.32073614155521,0.230510571884495,5.72961201196884,1.0066060258764e-08,1.89344148929201e-07
"ENSG00000204103.4","ENSG00000204103","MAFB",130.557931892987,-1.91209637845679,0.333981497666316,-5.7251566084274,1.03338368207387e-08,1.94166755346228e-07
"ENSG00000149488.14","ENSG00000149488","TMC2",144.660913820984,1.17431519234171,0.205416538440212,5.71675095519879,1.08580069407137e-08,2.0272199670738e-07
"ENSG00000169031.23","ENSG00000169031","COL4A3",45.0593433461004,2.09928320848273,0.36776354416154,5.70824172708271,1.14149226662881e-08,2.11679120869295e-07
"ENSG00000286214.1","ENSG00000286214",NA,34.6122218702915,-2.71017000104511,0.476355292112134,-5.68938782862758,1.27495607141396e-08,2.35659450857231e-07
"ENSG00000131242.20","ENSG00000131242","RAB11FIP4",30.9839820058278,-2.10334735165577,0.369738936652807,-5.68873641141794,1.27982839563549e-08,2.36303743428169e-07
"ENSG00000142871.20","ENSG00000142871","CCN1",5197.92724031261,1.74509413238925,0.306942930938115,5.68540258300033,1.30504860145935e-08,2.40699548334094e-07
"ENSG00000196476.14","ENSG00000196476","C20orf96",135.354384365907,-1.00201807865039,0.176324745065088,-5.68279896437967,1.3250799742971e-08,2.44129869426715e-07
"ENSG00000166473.20","ENSG00000166473","PKD1L2",144.774462767074,-1.45024757992483,0.255597691469763,-5.67394631612465,1.39544878560083e-08,2.55437574696126e-07
"ENSG00000162998.7","ENSG00000162998","FRZB",90.2174768324511,1.64562639399747,0.290662929828684,5.66163148141182,1.49940555790539e-08,2.73878558604756e-07
"ENSG00000186198.6","ENSG00000186198","SLC51B",81.9211899116982,-1.39903542846989,0.248154416047929,-5.63776156294426,1.72274816030494e-08,3.11998662570847e-07
"ENSG00000163803.14","ENSG00000163803","PLB1",105.440443556917,1.43986391301189,0.256530773497687,5.61283113670913,1.99042817913017e-08,3.58192999247479e-07
"ENSG00000276107.1","ENSG00000276107",NA,174.836545345778,1.34562877718933,0.239803565866251,5.61137934846161,2.00720210271956e-08,3.60450350205973e-07
"ENSG00000196739.16","ENSG00000196739","COL27A1",440.171370789415,-1.08356881797149,0.193438334282134,-5.60162401104569,2.12352781052604e-08,3.80138245241436e-07
"ENSG00000123358.22","ENSG00000123358","NR4A1",192.301320999751,1.24842943771036,0.223206479409418,5.59315948629082,2.2297429457313e-08,3.97594962433237e-07
"ENSG00000117600.16","ENSG00000117600","PLPPR4",38.9811525584807,-2.35771638244496,0.421728517994408,-5.59060220460648,2.26283445714286e-08,4.02959506986715e-07
"ENSG00000028277.24","ENSG00000028277","POU2F2",34.7498859540634,-2.05527064145101,0.367848147334741,-5.5872801218181,2.30653513285055e-08,4.09610052701448e-07
"ENSG00000100206.13","ENSG00000100206","DMC1",38.17303979768,1.8090526745853,0.323784294698209,5.5872156377179,2.30739144814804e-08,4.09610052701448e-07
"ENSG00000189007.18","ENSG00000189007","ADAT2",171.349132345681,-1.10955145841108,0.198624863769191,-5.58616598826429,2.32137371555435e-08,4.10808420150334e-07
"ENSG00000155897.12","ENSG00000155897","ADCY8",23.9688133415937,-4.01672369933965,0.720903171556049,-5.57179363030082,2.52129977126367e-08,4.42968976307994e-07
"ENSG00000174680.10","ENSG00000174680",NA,27.0801995041642,2.74369677529889,0.493386773257214,5.56094513273167,2.6831755064414e-08,4.69955570203231e-07
"ENSG00000159167.13","ENSG00000159167","STC1",949.727651691138,1.99043578672395,0.358769995516321,5.54794384034103,2.89048682532975e-08,5.05227451048918e-07
"ENSG00000124225.17","ENSG00000124225","PMEPA1",144.084762931664,-1.07455525430913,0.194036618145231,-5.53789931292689,3.06121155489109e-08,5.33973053413039e-07
"ENSG00000225313.6","ENSG00000225313",NA,98.3991673134873,1.13186193623669,0.204486510991083,5.53514229741073,3.10975776983757e-08,5.4188642038417e-07
"ENSG00000137266.16","ENSG00000137266","SLC22A23",91.8944627914523,-1.32457182799614,0.239336010150444,-5.53436078074304,3.12365422862597e-08,5.43751944476443e-07
"ENSG00000108960.11","ENSG00000108960","MMD",1667.09225113451,1.69948691336569,0.307226408697299,5.5317084249751,3.17126744263467e-08,5.51350955460817e-07
"ENSG00000168843.16","ENSG00000168843","FSTL5",68.4431316889467,-1.6969289047583,0.307117430169462,-5.52534222437966,3.28843980368039e-08,5.69528365186191e-07
"ENSG00000213626.14","ENSG00000213626","LBH",13304.9238974521,1.61186202067936,0.293583154800525,5.49030826300146,4.01232845145765e-08,6.87908465490355e-07
"ENSG00000196136.20","ENSG00000196136","SERPINA3",68.5247479754674,1.80394810026505,0.329123372753922,5.48106956115152,4.22762208152423e-08,7.22639272952216e-07
"ENSG00000140511.14","ENSG00000140511","HAPLN3",151.919216944747,1.52767510117055,0.279334448955674,5.4689820997086,4.52627453421472e-08,7.69828050020832e-07
"ENSG00000139354.13","ENSG00000139354","GAS2L3",132.108335006413,-1.13832564515907,0.209538314704268,-5.43254176099318,5.55569459969631e-08,9.39287176270084e-07
"ENSG00000054938.18","ENSG00000054938","CHRDL2",93.9389612853147,-1.50664154725211,0.278199257324967,-5.41569219752512,6.10520506430113e-08,1.02709678880375e-06
"ENSG00000164530.17","ENSG00000164530","PI16",103.917079529946,-1.59580212805535,0.295077966737111,-5.40806941874136,6.37077332552289e-08,1.06966225629124e-06
"ENSG00000125965.11","ENSG00000125965","GDF5",280.365653087641,-1.30098943208279,0.24103560293483,-5.39749902604448,6.75762405310508e-08,1.13127140582531e-06
"ENSG00000070808.19","ENSG00000070808","CAMK2A",26.1005404130678,-2.35610915031583,0.438057711385271,-5.37853595332244,7.50939873393593e-08,1.24489468116475e-06
"ENSG00000306215.1","ENSG00000306215",NA,13.0572587590252,5.69362942071095,1.05867987517731,5.37804633318203,7.52984410386035e-08,1.24707097393574e-06
"ENSG00000109881.19","ENSG00000109881","CCDC34",70.3151767216753,-1.317132891599,0.24506794388849,-5.37456213448429,7.67690076867594e-08,1.26895967895029e-06
"ENSG00000084710.16","ENSG00000084710","EFR3B",20.455354867217,-2.7028994622307,0.503838345147499,-5.36461642561053,8.11214214791125e-08,1.33572102883772e-06
"ENSG00000152495.13","ENSG00000152495","CAMK4",69.8417233328522,-1.29079514047268,0.240856257370431,-5.35919288361054,8.3594568805977e-08,1.36982561691486e-06
"ENSG00000143028.11","ENSG00000143028","SYPL2",103.764136775344,1.21939275627245,0.227626794615551,5.35698250433102,8.46233112195011e-08,1.38402156411011e-06
"ENSG00000229644.6","ENSG00000229644","NAMPTP1",215.917889417656,1.14467887897174,0.214003381738818,5.34888219836065,8.84991196353234e-08,1.44602300750257e-06
"ENSG00000148541.15","ENSG00000148541","FAM13C",93.4699848941408,-1.45548890760352,0.272425009131467,-5.34271399033384,9.1565177498486e-08,1.49182959362256e-06
"ENSG00000102385.15","ENSG00000102385","DRP2",111.710482040366,-1.05525139830355,0.197568468777038,-5.34119338392216,9.23366891313281e-08,1.50296261334871e-06
"ENSG00000272668.3","ENSG00000272668","LOC107985216",168.115332612651,-1.03178156640398,0.193913112296304,-5.32084475456921,1.0328651567507e-07,1.66528741734582e-06
"ENSG00000118507.21","ENSG00000118507","AKAP7",104.184883313526,1.07360847856292,0.20179276693944,5.32035164018105,1.03566876676856e-07,1.66665411928893e-06
"ENSG00000167191.14","ENSG00000167191","GPRC5B",2381.9973254172,1.73954746262011,0.32701033840144,5.31954882871204,1.04024892894454e-07,1.67086920330564e-06
"ENSG00000153208.21","ENSG00000153208","MERTK",84.0805515637514,-1.23385938363806,0.231962660381881,-5.31921552204459,1.04215624828824e-07,1.67235657093486e-06
"ENSG00000135604.13","ENSG00000135604","STX11",26.2099629918258,2.18895537015144,0.412567848730497,5.30568578450072,1.12250174058109e-07,1.79621358337867e-06
"ENSG00000197312.14","ENSG00000197312","DDI2",469.330255927922,1.03738386583307,0.196053086663957,5.29134166406261,1.21422286196963e-07,1.92849823053927e-06
"ENSG00000111816.10","ENSG00000111816","FRK",88.6476865321943,-1.14668867206454,0.216811954902068,-5.28886275013061,1.23079198757821e-07,1.95299413894859e-06
"ENSG00000048540.18","ENSG00000048540","LMO3",61.3986608615209,1.45103604669961,0.274445290847619,5.28715957274441,1.24230263066045e-07,1.96759492859808e-06
"ENSG00000181634.9","ENSG00000181634","TNFSF15",26.5996417345655,-2.68658542709206,0.508348893779491,-5.28492431077746,1.25756741707975e-07,1.98623391305589e-06
"ENSG00000241644.3","ENSG00000241644","INMT",723.784894965896,1.07092038450618,0.202739584075078,5.28224613556276,1.27609594529109e-07,2.01363213885655e-06
"ENSG00000129048.9","ENSG00000129048","ACKR4",76.4491874239089,-1.66230157657048,0.315806192243382,-5.26367632237369,1.41202956069503e-07,2.21786246759122e-06
"ENSG00000123685.10","ENSG00000123685","BATF3",42.4011685093081,1.88238529582841,0.357887596257527,5.25971091346204,1.4428205132253e-07,2.26413878327676e-06
"ENSG00000178015.5","ENSG00000178015","GPR150",23.1314181702615,2.5952307835557,0.493565594024763,5.25812742009219,1.45529674132795e-07,2.28161610540119e-06
"ENSG00000145911.9","ENSG00000145911","N4BP3",71.3967925062756,-1.34737340674215,0.256308813630728,-5.25683603172286,1.46554868173132e-07,2.29346929605741e-06
"ENSG00000188312.16","ENSG00000188312","CENPP",74.6198413905143,-1.25130987031596,0.238033785250693,-5.25685826067969,1.46537162341657e-07,2.29346929605741e-06
"ENSG00000164929.19","ENSG00000164929","BAALC",73.2489662640743,-1.28746283931975,0.245439604107602,-5.24553828222164,1.55826698458836e-07,2.4296418985686e-06
"ENSG00000006283.18","ENSG00000006283","CACNA1G",64.2561449576173,-1.48476592947621,0.283229862601364,-5.24226476628973,1.58617542446263e-07,2.47089594000843e-06
"ENSG00000272381.3","ENSG00000272381",NA,49.1441412332278,1.4651572623959,0.281916471622485,5.19713251930128,2.02386091535488e-07,3.11568543084714e-06
"ENSG00000112218.11","ENSG00000112218","GPR63",59.372360019039,1.39579263258907,0.269071723333581,5.18743707178266,2.13207934939126e-07,3.26459086004725e-06
"ENSG00000101938.17","ENSG00000101938","CHRDL1",198.954660534252,1.07049816972053,0.207458042556233,5.16007071372208,2.46856583860722e-07,3.74615307404668e-06
"ENSG00000254254.8","ENSG00000254254","PENK-AS1",147.243681889745,1.35153021681233,0.261977705404448,5.15895127307035,2.48336925413486e-07,3.76526502037067e-06
"ENSG00000057657.19","ENSG00000057657","PRDM1",218.535260150034,1.20323853084406,0.233241895056363,5.15875816629469,2.48593154397489e-07,3.76579958865957e-06
"ENSG00000246763.8","ENSG00000246763","RGMB-AS1",85.887667240135,-1.44959176748671,0.281010026902029,-5.15850549344309,2.48928805981853e-07,3.76753526779995e-06
"ENSG00000165895.20","ENSG00000165895","ARHGAP42",140.545486833618,-1.31677723687761,0.255504235719885,-5.15364151661743,2.55476112925839e-07,3.86319779634618e-06
"ENSG00000289034.2","ENSG00000289034",NA,26.491589074521,2.15603327115354,0.418462405795511,5.15227471164308,2.57345682840097e-07,3.8880187295753e-06
"ENSG00000254987.2","ENSG00000254987",NA,20.974884068012,2.73209879069683,0.531049175613215,5.14471901315356,2.67921520700047e-07,4.03349695739418e-06
"ENSG00000206052.13","ENSG00000206052","DOK6",216.867524072175,-1.06842754349452,0.208030484106009,-5.13591817125256,2.80769814486895e-07,4.20833700834271e-06
"ENSG00000237980.3","ENSG00000237980",NA,42.2231867657378,2.0722612610387,0.405550561228596,5.10974822661049,3.22588406847039e-07,4.76804130918234e-06
"ENSG00000187288.14","ENSG00000187288","CIDEC",22.5473261781713,2.72735619419999,0.533858906138625,5.10875844317522,3.24282616410767e-07,4.7889292451233e-06
"ENSG00000158816.18","ENSG00000158816","VWA5B1",18.6724627530196,3.14644683339767,0.616178595054017,5.10638775616968,3.28375514853323e-07,4.84098228730998e-06
"ENSG00000095585.20","ENSG00000095585","BLNK",30.6515425647912,-2.48303623892822,0.48856802767607,-5.08227329311553,3.7294430016512e-07,5.43454128922542e-06
"ENSG00000203801.9","ENSG00000203801","LINC00222",33.8072003694705,2.32195252252849,0.457204891215747,5.0785819818205,3.80262340373281e-07,5.52466394257583e-06
"ENSG00000160145.17","ENSG00000160145","KALRN",42.280986955005,-1.63630912017405,0.323249314469957,-5.06206524476985,4.1473903231068e-07,5.97462602589908e-06
"ENSG00000171877.22","ENSG00000171877","FRMD5",91.4318580299565,-1.26981905019109,0.250847019875082,-5.06212531774722,4.14608336181589e-07,5.97462602589908e-06
"ENSG00000019186.12","ENSG00000019186","CYP24A1",14.3085300112757,-4.13531257201658,0.818163813375087,-5.05438214745479,4.31786283274231e-07,6.21495087800628e-06
"ENSG00000182985.21","ENSG00000182985","CADM1",120.623566506553,-1.24242533996815,0.245896344707999,-5.05263850686162,4.35748145694108e-07,6.26668345900337e-06
"ENSG00000167642.15","ENSG00000167642","SPINT2",48.9871303949244,1.88208288155268,0.372728002253577,5.04948077464877,4.4301251701787e-07,6.34972187974646e-06
"ENSG00000150594.7","ENSG00000150594","ADRA2A",41.541323976445,-2.0988048384484,0.416984071198366,-5.03329739291161,4.82114319871667e-07,6.86398683312694e-06
"ENSG00000179300.5","ENSG00000179300","RTL3",68.6432854943374,3.63704553550949,0.723773381672914,5.02511646270121,5.03127117208352e-07,7.13335468507882e-06
"ENSG00000108700.5","ENSG00000108700","CCL8",15.0462161153885,-4.03482452979253,0.803148640197465,-5.02375815365947,5.06700370659797e-07,7.17208282124939e-06
"ENSG00000230417.13","ENSG00000230417","LINC00595",51.5639018032839,-1.53168565000831,0.304998809630012,-5.02193976385143,5.11522270946944e-07,7.22233847678361e-06
"ENSG00000122877.19","ENSG00000122877","EGR2",16.8061695085511,-2.840753567216,0.566271814632519,-5.01659007884668,5.25966219774982e-07,7.42012940182554e-06
"ENSG00000203727.5","ENSG00000203727","SAMD5",334.782629415733,-1.05335228232156,0.21111452498189,-4.98948275781555,6.05411774822554e-07,8.47079430749259e-06
"ENSG00000226121.2","ENSG00000226121",NA,181.217415828874,1.11755335126412,0.224010932707246,4.98883397233396,6.07448240663763e-07,8.49231576488256e-06
"ENSG00000106483.14","ENSG00000106483","SFRP4",448.479939923401,-1.10451002246021,0.221704503116384,-4.98190161649714,6.29624463022671e-07,8.78209526087713e-06
"ENSG00000173947.15","ENSG00000173947","CIMAP3",79.9305407609299,-1.22599622305857,0.246645864055519,-4.97067415970375,6.67204978840985e-07,9.24431483691713e-06
"ENSG00000259583.5","ENSG00000259583","ALDH1A3-AS1",96.629305538342,-1.00498531225181,0.202985942442394,-4.95100941552649,7.3829531170529e-07,1.01386210331036e-05
"ENSG00000164509.17","ENSG00000164509","IL31RA",104.338674368289,-1.11103697282189,0.224578153482513,-4.94721750799507,7.52818411204521e-07,1.03048444688734e-05
"ENSG00000187634.15","ENSG00000187634","SAMD11",41.8786328173527,-1.79894316973309,0.364563430543239,-4.93451350030492,8.03507880488191e-07,1.0928476695355e-05
"ENSG00000229931.4","ENSG00000229931",NA,84.1791199541763,-1.26235967632683,0.256184511246779,-4.9275409749921,8.32709643805124e-07,1.12716741459308e-05
"ENSG00000297925.1","ENSG00000297925",NA,10.8343146161225,5.48695257013404,1.12124082817448,4.89364321406979,9.89862216424299e-07,1.31790874158616e-05
"ENSG00000167771.8","ENSG00000167771","RCOR2",45.559597278921,-1.45716077774935,0.298583115727343,-4.8802517657428,1.0595049669872e-06,1.4018698484003e-05
"ENSG00000123689.8","ENSG00000123689","G0S2",17.2768183446461,-2.80442367188737,0.577076895642246,-4.8597053409429,1.17560592523389e-06,1.54231533316674e-05
"ENSG00000179862.7","ENSG00000179862","CITED4",57.7816564511735,1.45489260861079,0.299829910132496,4.8523931717415,1.21980493104176e-06,1.59784132473587e-05
"ENSG00000182836.12","ENSG00000182836","PLCXD3",25.1354189868539,3.11734515785619,0.642866314366674,4.84913439729265,1.24001388389111e-06,1.62057642709144e-05
"ENSG00000072571.22","ENSG00000072571","HMMR",37.6300025240757,1.52467344859135,0.315340169503112,4.83501182546396,1.33137720297082e-06,1.73068880953689e-05
"ENSG00000175741.5","ENSG00000175741",NA,101.468944191652,1.05022624253202,0.217409290105247,4.83064105505156,1.36094159274531e-06,1.76373890673503e-05
"ENSG00000172399.8","ENSG00000172399","MYOZ2",26.3543067221216,2.23386482395084,0.463268030825101,4.82197059868824,1.42146901325247e-06,1.83381339317551e-05
"ENSG00000287673.2","ENSG00000287673",NA,47.287770385442,1.6194941204653,0.336394898362901,4.81426480706672,1.47742790084529e-06,1.90456325916834e-05
"ENSG00000145569.8","ENSG00000145569","OTULINL",22.9820414294952,2.48753739334504,0.517317415715524,4.80853208837832,1.52042625793668e-06,1.95408026302842e-05
"ENSG00000079462.10","ENSG00000079462","PAFAH1B3",70.1370066647032,-1.11810066610974,0.232777123911234,-4.80330991002411,1.56064047585237e-06,2.00274359860512e-05
"ENSG00000188916.11","ENSG00000188916","INSYN2A",54.3149465250267,2.12244973895146,0.441906320884213,4.80294043928731,1.5635240480462e-06,2.00493429848032e-05
"ENSG00000211448.15","ENSG00000211448","DIO2",666.617312147644,1.69240342233501,0.352543843882311,4.80054736936487,1.58232540856261e-06,2.02751801599428e-05
"ENSG00000176890.18","ENSG00000176890","TYMS",123.396077242057,-1.01643329630306,0.211788363775966,-4.79928773319323,1.59230896456214e-06,2.03877756379174e-05
"ENSG00000259343.10","ENSG00000259343",NA,87.8185573885697,-1.05934185456817,0.22081974954846,-4.7973148087268,1.60806765798679e-06,2.05586564346669e-05
"ENSG00000101342.12","ENSG00000101342","TLDC2",13.3331835800122,3.74879197070075,0.78290709341965,4.78829736275149,1.68202287235028e-06,2.14077922259847e-05
"ENSG00000165072.12","ENSG00000165072","MAMDC2",305.44146511479,2.48807215833274,0.520454736599653,4.78057357031344,1.74795776261036e-06,2.21807119809425e-05
"ENSG00000165105.12","ENSG00000165105","RASEF",33.3930306159686,-1.9567176891065,0.409712122556902,-4.77583547417429,1.78962669375087e-06,2.26588544687239e-05
"ENSG00000175538.13","ENSG00000175538","KCNE3",77.9965783052141,-1.17337046248653,0.246794657800824,-4.75444028222646,1.98996949278687e-06,2.49727983034417e-05
"ENSG00000112137.20","ENSG00000112137","PHACTR1",75.5565490704892,-1.13706390884988,0.239285698583793,-4.75190918462558,2.01504879740739e-06,2.52527135494467e-05
"ENSG00000171189.19","ENSG00000171189","GRIK1",58.7953802412905,1.94462971260962,0.409232881959871,4.75189017875722,2.01523826001922e-06,2.52527135494467e-05
"ENSG00000107611.17","ENSG00000107611","CUBN",39.9362268072422,-1.52094305954639,0.320442740674186,-4.74638013751363,2.07089349845094e-06,2.58930058698467e-05
"ENSG00000286289.2","ENSG00000286289","LOC107984270",136.04729788177,2.72211422037811,0.574992436152711,4.7341739633861,2.19949019568288e-06,2.73404171515883e-05
"ENSG00000154736.8","ENSG00000154736","ADAMTS5",4003.76541977655,2.28553530207623,0.48343824138942,4.72766758274545,2.27113599833956e-06,2.8169359304005e-05
"ENSG00000214274.12","ENSG00000214274","ANG",101.296605515741,1.01429289282224,0.21499753603246,4.71769542823551,2.38531230848887e-06,2.94568785226575e-05
"ENSG00000102984.17","ENSG00000102984","ZNF821",48.9281539563353,-1.32980505483948,0.281952805487747,-4.71641008337925,2.40042378321099e-06,2.96026616479604e-05
"ENSG00000231924.11","ENSG00000231924","PSG1",84.6810847516238,-1.32402303005584,0.281845846196344,-4.6976850924866,2.63126700964981e-06,3.21218140246791e-05
"ENSG00000100302.9","ENSG00000100302","RASD2",39.9113527909066,-2.0895535434415,0.444873142167136,-4.69696492187084,2.6405577795204e-06,3.21891170805341e-05
"ENSG00000205683.13","ENSG00000205683","DPF3",158.430849514452,-1.05868445103726,0.225563262431717,-4.69351453611708,2.6855089871168e-06,3.26903172560318e-05
"ENSG00000240498.10","ENSG00000240498","CDKN2B-AS1",65.2685606471044,-1.20088907086981,0.255915934966471,-4.69251385626745,2.69868250480063e-06,3.28272285844484e-05
"ENSG00000100767.19","ENSG00000100767","PAPLN",212.223673608643,1.02785359811464,0.219557120605427,4.68148605374467,2.84802775603887e-06,3.43253812011417e-05
"ENSG00000115828.19","ENSG00000115828","QPCT",346.259545711677,1.17136767983449,0.250396903983364,4.67804378249146,2.89624714405673e-06,3.48572343425245e-05
"ENSG00000109794.16","ENSG00000109794","FAM149A",121.92176703036,-1.01666269687912,0.2181241404157,-4.6609361758014,3.1477433123991e-06,3.76977101404817e-05
"ENSG00000260455.3","ENSG00000260455",NA,21.9862158034284,-2.58982211424734,0.555844211247109,-4.6592589467411,3.17349783009213e-06,3.79528070318807e-05
"ENSG00000064692.22","ENSG00000064692","SNCAIP",46.5945055941773,-1.58922320455947,0.341236378011199,-4.65725024342896,3.20460829156958e-06,3.82979905364157e-05
"ENSG00000203722.10","ENSG00000203722","RAET1G",72.6816501775539,-1.13881254284229,0.245516340254927,-4.63843889844491,3.51050684426282e-06,4.16326079609791e-05
"ENSG00000015520.17","ENSG00000015520","NPC1L1",17.4507678128257,-2.81186833274827,0.607303306317655,-4.63008895801648,3.65508670377848e-06,4.32269171448944e-05
"ENSG00000138135.7","ENSG00000138135","CH25H",38.7453983694739,-1.68758433345561,0.364669160391667,-4.62771332690454,3.69725312711767e-06,4.35744037291419e-05
"ENSG00000109674.6","ENSG00000109674","NEIL3",48.3541909055155,-1.42830797253698,0.30902136028585,-4.62203639002743,3.79991334313029e-06,4.46915964069195e-05
"ENSG00000101447.16","ENSG00000101447","FAM83D",165.398505629499,1.23546912437663,0.267311984977951,4.62182466109233,3.80379456462131e-06,4.47063910139837e-05
"ENSG00000056736.12","ENSG00000056736","IL17RB",39.0179644614645,-1.43183502661544,0.310445206272559,-4.61219886049181,3.98431534474295e-06,4.66671492131335e-05
"ENSG00000259426.7","ENSG00000259426","KIF23-AS1",78.8583804564236,1.32806965386514,0.288233089419974,4.60762383853179,4.07296632058652e-06,4.76073333576375e-05
"ENSG00000134259.8","ENSG00000134259","NGF",69.9184806746332,-1.23279380828108,0.267744024902276,-4.60437467738463,4.13707055170377e-06,4.83234793297708e-05
"ENSG00000177575.15","ENSG00000177575","CD163",10.9718620790345,3.81007991100048,0.827907016349918,4.60206259369365,4.18327434717235e-06,4.87295703516822e-05
"ENSG00000184985.18","ENSG00000184985","SORCS2",67.8320112655456,1.15547365896139,0.251555878900901,4.59330811114368,4.36274183682092e-06,5.06470343209142e-05
"ENSG00000106003.14","ENSG00000106003","LFNG",16.2492317961824,-2.67405502114109,0.582247829694946,-4.59264059866413,4.37672446441679e-06,5.07747708118386e-05
"ENSG00000175946.10","ENSG00000175946","KLHL38",67.7899435048771,1.09523120307577,0.239185611726093,4.57900119982966,4.67201518809867e-06,5.37250221562601e-05
"ENSG00000066468.26","ENSG00000066468","FGFR2",28.9756193739607,-2.06135231771564,0.450605008554723,-4.5746325020382,4.7705661506696e-06,5.4784358719482e-05
"ENSG00000154479.14","ENSG00000154479","CFAP210",252.7400035447,1.00197919688011,0.219723499694688,4.56018222116608,5.11092511812382e-06,5.83391733845051e-05
"ENSG00000288022.2","ENSG00000288022","LOC124909423",26.350862493076,1.85952930737679,0.408053388282397,4.5570735613887,5.18712612973099e-06,5.91297682293481e-05
"ENSG00000188613.8","ENSG00000188613","NANOS1",47.9352001311445,1.31849871196661,0.289514162819608,4.55417689803364,5.25910877139807e-06,5.98702282445998e-05
"ENSG00000163017.16","ENSG00000163017","ACTG2",1164.66634936797,1.63437236282785,0.359044420930899,4.55200601248834,5.31368166740789e-06,6.04511101308179e-05
"ENSG00000206561.16","ENSG00000206561","COLQ",52.1933676367026,-1.4305840164133,0.314783939704603,-4.54465376396196,5.50256269801031e-06,6.24332047266922e-05
"ENSG00000198108.5","ENSG00000198108","CHSY3",44.8255059708292,1.36480737984911,0.301184554535326,4.53146537329833,5.85759395215725e-06,6.61531584709501e-05
"ENSG00000123405.16","ENSG00000123405","NFE2",13.3722187588935,-2.75652737736575,0.609444548262228,-4.52301589246424,6.09646606723999e-06,6.857820113393e-05
"ENSG00000130592.19","ENSG00000130592","LSP1",12.1965900817916,-3.58885373785589,0.795001315703391,-4.51427396026457,6.35340444772362e-06,7.1280262408233e-05
"ENSG00000145423.7","ENSG00000145423","SFRP2",54.2448275291629,-1.49011557982953,0.330365885438615,-4.5105007675086,6.46747673630591e-06,7.23694934603581e-05
"ENSG00000165891.18","ENSG00000165891","E2F7",37.60641214493,-1.65469092516714,0.366870632530712,-4.51028449389068,6.47407421446012e-06,7.23957826527751e-05
"ENSG00000272970.6","ENSG00000272970","LOC107986163",40.1753139993193,-1.44497084431629,0.321953349262401,-4.48813732681064,7.18486108319353e-06,7.94062273539456e-05
"ENSG00000173083.18","ENSG00000173083","HPSE",51.0391437321463,1.33335047535172,0.297284862542465,4.48509373786652,7.28818868224559e-06,8.04959893213411e-05
"ENSG00000237928.7","ENSG00000237928","NFIA-AS2",12.1819436718828,2.98069977658956,0.66695402831638,4.46912328292532,7.8540854816746e-06,8.61321266272191e-05
"ENSG00000182575.9","ENSG00000182575","NXPH3",285.529598004824,1.06392814143298,0.238189804657471,4.46672410249867,7.94264544562655e-06,8.68796942775146e-05
"ENSG00000105088.11","ENSG00000105088","OLFM2",53.5955026248794,-1.36747221149229,0.307107439665503,-4.45274856571929,8.47780089592766e-06,9.23186472002551e-05
"ENSG00000189420.11","ENSG00000189420","ZFP92",32.3371208787076,1.58952596863626,0.35788249878726,4.4414744337111,8.93445636038055e-06,9.667365415467e-05
"ENSG00000102760.15","ENSG00000102760","RGCC",1221.0477642605,2.83843364347844,0.641205037534118,4.42671762903518,9.56778471938325e-06,0.000102815578846747
"ENSG00000183696.16","ENSG00000183696","UPP1",109.718259915772,-1.17759165877756,0.266455256395824,-4.41947242740157,9.89421435013443e-06,0.00010584883926867
"ENSG00000165899.12","ENSG00000165899","OTOGL",30.0210993030341,1.85029264714601,0.419329451345436,4.41250344140929,1.0218216988153e-05,0.000109246457912236
"ENSG00000197943.15","ENSG00000197943","PLCG2",24.4066499754083,1.85015748167736,0.41991093032314,4.40607125957303,1.05262347127911e-05,0.000112187674781355
"ENSG00000187758.10","ENSG00000187758","ADH1A",188.074625423459,1.05770849768053,0.24079005786844,4.39265851357711,1.11972933555276e-05,0.000118501581217061
"ENSG00000021645.20","ENSG00000021645","NRXN3",36.339619851135,1.92437194077111,0.438394205858857,4.38959255175619,1.13563238498445e-05,0.000120058604869138
"ENSG00000286364.1","ENSG00000286364",NA,32.6219761086982,1.76108856523604,0.402118509337956,4.37952624497558,1.189375973788e-05,0.000125274075063628
"ENSG00000172738.14","ENSG00000172738","TMEM217",35.4326004377244,-1.64602914053753,0.376026071878628,-4.37743354420603,1.20084958590722e-05,0.000126326411376733
"ENSG00000041353.12","ENSG00000041353","RAB27B",62.9296596459116,-1.5561274219894,0.355684177230006,-4.37502571553279,1.21418163691461e-05,0.000127414306996914
"ENSG00000166510.16","ENSG00000166510","CCDC68",131.215513194082,1.15439804753793,0.265164825266576,4.35351124108332,1.33974222317006e-05,0.00013964456860712
"ENSG00000118997.15","ENSG00000118997","DNAH7",96.1904821543508,-1.06129699772819,0.243945551125803,-4.35054868937077,1.35797296400097e-05,0.000141371870815544
"ENSG00000133401.18","ENSG00000133401","PDZD2",92.4840107538423,1.16150420442789,0.267018507578246,4.34990149170664,1.36198701812275e-05,0.000141703191470378
"ENSG00000169302.17","ENSG00000169302","STK32A",39.022275194035,-1.52967418858377,0.351715905019371,-4.34917547587027,1.36650338798649e-05,0.000142086337633105
"ENSG00000171385.13","ENSG00000171385","KCND3",105.857401139213,1.31505077494639,0.305023383174632,4.31131135344301,1.62289197587231e-05,0.000167012832444541
"ENSG00000116106.14","ENSG00000116106","EPHA4",296.025820556822,1.12497235523622,0.261136202191181,4.30799079482903,1.64744239732862e-05,0.000169437014696888
"ENSG00000293352.2","ENSG00000293352",NA,13.2812454691233,-2.53029773720477,0.588303900419551,-4.30100452402283,1.70025588567849e-05,0.000174447686958054
"ENSG00000233395.3","ENSG00000233395",NA,6.72939943741179,-5.3551199416004,1.24552780613141,-4.29947843415341,1.71200533347907e-05,0.000175547502365526
"ENSG00000282057.1","ENSG00000282057",NA,57.396733241513,1.49325814852473,0.347881123805098,4.29243798051353,1.76721921005235e-05,0.000180557252863982
"ENSG00000183454.20","ENSG00000183454","GRIN2A",8.2422289363155,-4.20158165363999,0.98004220746283,-4.28714357570089,1.80985323083187e-05,0.000184470805979884
"ENSG00000135917.18","ENSG00000135917","SLC19A3",53.3534486168765,1.32884726703482,0.310096158339095,4.2852748455584,1.82513409096152e-05,0.000185806064385701
"ENSG00000172817.6","ENSG00000172817","CYP7B1",53.4178221597438,1.2432927584233,0.291356375921222,4.2672577680588,1.97890458653692e-05,0.000200383196457291
"ENSG00000184156.18","ENSG00000184156","KCNQ3",16.5058620724807,2.44940153574438,0.575202047376636,4.25833243625529,2.0595751359631e-05,0.000207688044183924
"ENSG00000223764.3","ENSG00000223764","LINC02593",26.0861779994633,-2.37811056834089,0.558512242721074,-4.25793811923392,2.06321037958933e-05,0.000207931586569848
"ENSG00000185052.15","ENSG00000185052","SLC24A3",40.4973335178583,1.55420583225818,0.365177694447257,4.25602619188084,2.08092340029935e-05,0.000209468969804498
"ENSG00000027075.19","ENSG00000027075","PRKCH",88.3815606216014,1.03171431315526,0.242756077882856,4.25000404584357,2.13766654289109e-05,0.000214420913619482
"ENSG00000139269.5","ENSG00000139269","INHBE",11.3652417690883,-3.20781774757286,0.754849195375984,-4.24961405168495,2.14139156291397e-05,0.000214668205971647
"ENSG00000004799.10","ENSG00000004799","PDK4",927.363444446607,2.65609990486746,0.625175194754762,4.2485689246026,2.15140456181674e-05,0.000215545188374373
"ENSG00000108924.15","ENSG00000108924","HLF",57.9751281595087,1.32321987681498,0.311579477241775,4.24681332842793,2.16832470552876e-05,0.000216985259140465
"ENSG00000126860.14","ENSG00000126860","EVI2A",31.1941885808699,-1.57627941771885,0.371593572105602,-4.24194479142092,2.21591208537292e-05,0.000221487236122729
"ENSG00000132321.19","ENSG00000132321","IQCA1",29.4466588266561,-1.60457231996941,0.378584648297283,-4.23834491753986,2.25173643783602e-05,0.0002248042904136
"ENSG00000067798.17","ENSG00000067798","NAV3",713.927477192057,2.08225410636585,0.491531112669751,4.23626104776173,2.272725375733e-05,0.000226501671656385
"ENSG00000150636.19","ENSG00000150636","CCDC102B",81.5736193412631,-1.11529780468207,0.263298867543346,-4.23586252036751,2.27676053376187e-05,0.000226771204069958
"ENSG00000132326.14","ENSG00000132326","PER2",96.7447562195705,-1.21241947928157,0.286296896020706,-4.2348327772086,2.28721845200926e-05,0.000227679771373492
"ENSG00000128285.5","ENSG00000128285","MCHR1",6.48067839536706,-5.29418046878582,1.25253805515778,-4.22676217060639,2.37078012775412e-05,0.000235447756044205
"ENSG00000290021.1","ENSG00000290021",NA,41.7867161601745,1.28911180688784,0.305713221370177,4.21673554421418,2.4786436847661e-05,0.000244450495808934
"ENSG00000186310.10","ENSG00000186310","NAP1L3",69.3025465096154,-1.01281716671712,0.24040775559767,-4.21291386460969,2.52097218751865e-05,0.000248337618610941
"ENSG00000163485.20","ENSG00000163485","ADORA1",47.5281956727946,-1.61735341850881,0.384896739043482,-4.20204500180527,2.64514531887269e-05,0.00025937034824067
"ENSG00000288533.1","ENSG00000288533",NA,12.8030879098534,-2.7892377081496,0.664667440190367,-4.19644101620313,2.71142033613864e-05,0.000265563364186636
"ENSG00000100292.19","ENSG00000100292","HMOX1",2412.20846674717,-1.25921814858293,0.301320504817175,-4.17899920002774,2.92794715577626e-05,0.000283995876088441
"ENSG00000138311.20","ENSG00000138311","ZNF365",79.4457566030314,-1.19763281840107,0.286695905842564,-4.17736282240019,2.94908410596026e-05,0.000285720814859436
"ENSG00000143869.8","ENSG00000143869","GDF7",287.588446879029,1.71287842245218,0.411271699096992,4.16483416246015,3.11578961815738e-05,0.00029999596990191
"ENSG00000184408.11","ENSG00000184408","KCND2",49.6090226192141,-1.57405319409441,0.377982733104142,-4.16435211515529,3.12237928793588e-05,0.000300121758742263
"ENSG00000176909.14","ENSG00000176909","MAMSTR",55.3682723571815,-1.11598302957998,0.267984579483631,-4.16435539586019,3.12233439541009e-05,0.000300121758742263
"ENSG00000039537.18","ENSG00000039537","C6",24.7461822664211,1.96164048351808,0.471562348721248,4.1598751232738,3.18421643201171e-05,0.000305548515959142
"ENSG00000108387.17","ENSG00000108387","SEPTIN4",19.9965970727484,1.93352928783208,0.464855895909323,4.15941650917395,3.19061619805123e-05,0.000305990327783844
"ENSG00000296343.1","ENSG00000296343",NA,82.2984109286389,1.12084905022269,0.269840383648108,4.15374835697077,3.27072857132259e-05,0.000313144698384717
"ENSG00000213763.4","ENSG00000213763",NA,60.080695301411,1.2069954794869,0.29190862372833,4.13484008821271,3.55201882834144e-05,0.000337798576297962
"ENSG00000102575.16","ENSG00000102575","ACP5",37.299924367757,-1.39180263026789,0.336744782651548,-4.13310822311414,3.57890101557699e-05,0.000340165259941233
"ENSG00000162595.10","ENSG00000162595","DIRAS3",63.2028731763351,-1.22601521284769,0.296645863503401,-4.13292536214191,3.58175065110497e-05,0.000340246346689693
"ENSG00000142910.18","ENSG00000142910","TINAGL1",108.973402114722,1.00971551671642,0.244957338322329,4.12200558526554,3.75588092208252e-05,0.000355401014292784
"ENSG00000137265.18","ENSG00000137265","IRF4",240.235911978597,1.05716842112031,0.256720500205628,4.1179742960673,3.82217314564272e-05,0.00036127273848055
"ENSG00000260802.3","ENSG00000260802","SERTM2",6.72528688075925,4.88927131235473,1.18942551055367,4.11061581324148,3.94605296807552e-05,0.000371950413063844
"ENSG00000185585.22","ENSG00000185585","OLFML2A",1464.85434196431,-1.55194652403024,0.378650619623394,-4.09862401802961,4.15613528198983e-05,0.000389169546569619
"ENSG00000070669.19","ENSG00000070669","ASNS",45.7483817367741,-1.27860302008266,0.311970252629685,-4.09847736861113,4.15876891636708e-05,0.000389202305726127
"ENSG00000131730.18","ENSG00000131730","CKMT2",39.1350721213993,-1.25905459949631,0.30805324594003,-4.08713303979084,4.36736698987269e-05,0.000406270023151803
"ENSG00000165495.18","ENSG00000165495","PKNOX2",15.5311331238881,-2.27330651974426,0.560493546609481,-4.0559013274923,4.99413408267874e-05,0.000461051099875466
"ENSG00000174808.14","ENSG00000174808","BTC",50.1934385107968,1.2487819515732,0.308054872395233,4.05376464869228,5.03999230116742e-05,0.000464529739299595
"ENSG00000179388.9","ENSG00000179388","EGR3",51.1042644444639,-1.6517722708346,0.407941617551195,-4.04904084253504,5.14279701473891e-05,0.000473237293332508
"ENSG00000175489.11","ENSG00000175489","LRRC25",9.80034981389824,-3.40039069805261,0.840112999566699,-4.0475396759798,5.17588105686055e-05,0.000475744666367353
"ENSG00000152463.17","ENSG00000152463","OLAH",7.54034074347689,3.94376841616384,0.976836840544498,4.03728468509188,5.40734352090444e-05,0.000495515347050431
"ENSG00000171509.18","ENSG00000171509","RXFP1",35.935042942094,-1.6883810534499,0.418429267407994,-4.03504531102415,5.45917614471377e-05,0.000499652415994694
"ENSG00000308136.1","ENSG00000308136",NA,7.92922035829788,3.77518343003115,0.937928714100925,4.02502170290196,5.69700611445551e-05,0.000519189188248935
"ENSG00000137869.18","ENSG00000137869","CYP19A1",63.6728478455057,1.2104522792111,0.302146072628715,4.00618240270339,6.17080027784921e-05,0.000558782031536165
"ENSG00000170323.11","ENSG00000170323","FABP4",8.9039834904748,3.56167733302612,0.891825543709298,3.99369288999318,6.50521112572224e-05,0.000586759190190919
"ENSG00000223949.9","ENSG00000223949","ROR1-AS1",20.3072788714288,-1.80147085843644,0.451382798994497,-3.99100466931705,6.57939848216798e-05,0.000592632711062932
"ENSG00000301508.1","ENSG00000301508",NA,36.6261941997762,-1.41072633081222,0.353673531382906,-3.98878119404671,6.64136447868991e-05,0.000597267194964821
"ENSG00000165244.8","ENSG00000165244","ZNF367",43.6069911264534,1.20047231985128,0.301600060524114,3.98034508933827,6.88152971852803e-05,0.000617236997174498
"ENSG00000140600.19","ENSG00000140600","SH3GL3",11.11906688862,-2.80735942962854,0.7055644092986,-3.97888469518939,6.92393082465277e-05,0.000620387114162632
"ENSG00000113578.20","ENSG00000113578","FGF1",187.806148625584,1.02116746584084,0.256702755310294,3.97801521299016,6.94929265097903e-05,0.000622005490325549
"ENSG00000285569.5","ENSG00000285569","LOC105373429",15.3658537460512,2.21000903919587,0.555941299200717,3.97525609695345,7.03035621572224e-05,0.000626956204229923
"ENSG00000134258.20","ENSG00000134258","VTCN1",6.68130640401188,-5.04960982237339,1.27078577544226,-3.97361216969557,7.0790796683181e-05,0.000630971107256679
"ENSG00000142149.11","ENSG00000142149","HUNK",39.1982690212813,-1.43863380929134,0.362122443203042,-3.97278278740844,7.10378233860805e-05,0.000632841916437838
"ENSG00000122679.10","ENSG00000122679","RAMP3",10.8883701244018,-3.84548782609951,0.970405939377014,-3.96276204633316,7.40876162868e-05,0.000656920476982126
"ENSG00000280099.1","ENSG00000280099",NA,30.4021358989192,1.56231917951051,0.394940599619148,3.95583331016637,7.62683287806472e-05,0.00067380241528242
"ENSG00000164122.11","ENSG00000164122","ASB5",19.1447520215763,2.10528286638651,0.533333210897123,3.94740628067246,7.90024279347751e-05,0.000695433562429978
"ENSG00000176387.9","ENSG00000176387","HSD11B2",18.0812827039223,-2.4963936061333,0.632722185244185,-3.94548138875497,7.96398179930173e-05,0.000700320835003613
"ENSG00000204574.16","ENSG00000204574","ABCF1",9.84781171482974,4.42882118275786,1.12284223225936,3.94429516054655,8.00350318426991e-05,0.00070343321952722
"ENSG00000235823.6","ENSG00000235823","OLMALINC",63.0246162975331,-1.02981059815713,0.261138570394059,-3.94354076689302,8.02873356984335e-05,0.00070528699740861
"ENSG00000121621.9","ENSG00000121621","KIF18A",32.2563770221785,-1.58982767119371,0.403290376595158,-3.94214135387034,8.075735579748e-05,0.000709050416023006
"ENSG00000164106.10","ENSG00000164106","SCRG1",25.0591824137523,1.62106201440234,0.411467274988045,3.93971067188621,8.15799357896743e-05,0.000714799622482072
"ENSG00000168918.15","ENSG00000168918","INPP5D",17.7017754375027,-1.98569078690305,0.505785709821301,-3.92595272730147,8.63871217694399e-05,0.000751894448005514
"ENSG00000139055.8","ENSG00000139055","ERP27",17.7047365540144,2.00501518650506,0.512847530326444,3.90957364117324,9.24591665387929e-05,0.000800655038696193
"ENSG00000162745.12","ENSG00000162745","OLFML2B",172.68786267271,-1.02228542966401,0.261761750116095,-3.90540416699772,9.40680322843125e-05,0.000812111148018872
"ENSG00000061337.17","ENSG00000061337","LZTS1",65.9350885924111,-1.00819810026396,0.258326716877621,-3.90280228251258,9.50853738668147e-05,0.000820478451361143
"ENSG00000070388.12","ENSG00000070388","FGF22",9.55991401077576,2.75221589428058,0.708512558299512,3.88449839320579,0.000102541370920977,0.000876384174140061
"ENSG00000254109.7","ENSG00000254109","RBPMS-AS1",64.8961954732423,1.0910063442651,0.281183699844863,3.88004832736406,0.000104435712274691,0.000890341875230254
"ENSG00000171227.9","ENSG00000171227","TMEM37",14.6526479369348,-2.22893813695227,0.574869741074759,-3.87729250244605,0.000105625343185797,0.000897789076594689
"ENSG00000265702.3","ENSG00000265702","LOC105371855",6.05951000862416,4.63964483046645,1.19731549082055,3.875039507997,0.000106607401725343,0.000905233353364871
"ENSG00000180287.18","ENSG00000180287","PLD5",28.4289638800677,1.89856496222823,0.490033446713266,3.87435791365307,0.000106906195561688,0.000907318418706315
"ENSG00000178662.17","ENSG00000178662","CSRNP3",37.9384461266651,-1.23837916596585,0.320056935350395,-3.86924646582047,0.000109172239960873,0.000925168231433713
"ENSG00000186314.14","ENSG00000186314","PRELID2",63.7041851890323,1.1575857254793,0.299326084030906,3.86730655040335,0.000110044061020448,0.000931629849930689
"ENSG00000279649.1","ENSG00000279649",NA,66.4750679380702,1.05837416598373,0.275021988831608,3.84832562108972,0.000118927907216769,0.000995466303923466
"ENSG00000230587.6","ENSG00000230587",NA,22.1677828903159,1.55510059101113,0.405052211515231,3.83925959864226,0.000123405895558498,0.00102890571042462
"ENSG00000073756.13","ENSG00000073756","PTGS2",71.0602785454415,-1.37751196288884,0.359730855994622,-3.82928497773744,0.000128516116772575,0.001067855515377
"ENSG00000138379.6","ENSG00000138379","MSTN",136.418680361826,1.2108681387473,0.317394590088424,3.8150245043873,0.000136169420481065,0.00112214664595663
"ENSG00000156804.9","ENSG00000156804","FBXO32",3782.19199308605,1.09464399112237,0.287283904489208,3.81032133724529,0.000138786280527521,0.00114040298589683
"ENSG00000186952.17","ENSG00000186952","TMEM232",64.5972842688065,-1.1387054031811,0.299000701408071,-3.80837034100134,0.000139885662682394,0.00114777634252931
"ENSG00000174944.11","ENSG00000174944","P2RY14",21.8054204115523,1.61566983013583,0.425421455788104,3.79780993213603,0.000145980189888949,0.00119261476322505
"ENSG00000108231.15","ENSG00000108231","LGI1",24.4458384327181,-1.91337258002912,0.504075493709002,-3.79580559640079,0.000147164788834039,0.00120114096327093
"ENSG00000170745.14","ENSG00000170745","KCNS3",84.7767736454416,1.09401668360908,0.288698451525684,3.78947887606441,0.000150963647497522,0.00122920328745952
"ENSG00000177272.10","ENSG00000177272","KCNA3",104.343991810042,-1.18670447551768,0.315511197041878,-3.76121192098348,0.00016909209013135,0.00136120330657462
"ENSG00000184374.5","ENSG00000184374","COLEC10",46.3262008724002,-1.18910757969978,0.31635651495229,-3.75875799453382,0.00017075890269072,0.00137138229012971
"ENSG00000286695.2","ENSG00000286695",NA,28.6872860570941,-1.48561812621958,0.395639742332169,-3.75497698351115,0.000173357408297319,0.00139028562456607
"ENSG00000154856.14","ENSG00000154856","APCDD1",1468.01297678537,1.59132897287124,0.424457213510176,3.74909159797585,0.000177476259916137,0.00142131128829455
"ENSG00000115648.16","ENSG00000115648","MLPH",67.2664801215583,-1.04388282686226,0.278929656951989,-3.74245907828273,0.000182228215071983,0.00145223248484032
"ENSG00000203685.12","ENSG00000203685","STUM",8.28095665155271,2.94660617241293,0.79090986925969,3.72559034466345,0.000194858644420428,0.00153597641915491
"ENSG00000171617.18","ENSG00000171617","ENC1",805.713542204611,-1.30781665939151,0.351205822428979,-3.72378980036978,0.000196254345146418,0.00154412121421295
"ENSG00000278727.1","ENSG00000278727",NA,18.665822935079,-1.71784391228641,0.462145940836637,-3.71710267361982,0.000201520560997013,0.00158190391548185
"ENSG00000253496.4","ENSG00000253496",NA,41.2803695010643,-1.34232528471763,0.361802084934925,-3.71010931282793,0.000207169775421297,0.0016217672543545
"ENSG00000108688.11","ENSG00000108688","CCL7",14.2338276462375,-3.27382840778412,0.884568443882682,-3.70104589466716,0.00021471263332292,0.00167389418897036
"ENSG00000006788.15","ENSG00000006788","MYH13",10.3900221538205,3.21945985364734,0.870922058650283,3.69661076059633,0.000218496955035542,0.00170028543731311
"ENSG00000196196.3","ENSG00000196196","HRCT1",28.6386201892698,1.54344511570848,0.418122313846181,3.69137227217268,0.000223047398585399,0.00173174203493958
"ENSG00000261121.3","ENSG00000261121","LINC02473",9.40389670288115,-3.40760763078254,0.924151373718472,-3.68728297948796,0.000226661255376768,0.00175659896049608
"ENSG00000248187.2","ENSG00000248187","LOC124900778",7.67678280002618,3.5011932622088,0.950016541715914,3.68540242034624,0.000228341557612089,0.00176640800037459
"ENSG00000128594.10","ENSG00000128594","LRRC4",19.4160256987974,-1.74283797943739,0.47296849698836,-3.68489231425553,0.000228799355241124,0.00176914637568931
"ENSG00000091428.20","ENSG00000091428","RAPGEF4",36.8496565662135,-1.17739490011889,0.319582195547121,-3.68416925762464,0.000229449742644636,0.00177337075471651
"ENSG00000092853.16","ENSG00000092853","CLSPN",37.617728067383,-1.14748872102156,0.311676924104719,-3.68166082335959,0.000231719548683162,0.00178686178672328
"ENSG00000254842.7","ENSG00000254842",NA,14.2082138663978,2.48652944538507,0.676133955856974,3.67756925065757,0.000235467160104551,0.0018124802811661
"ENSG00000225279.3","ENSG00000225279",NA,10.6103160625689,-2.84906580566953,0.775109685283504,-3.67569372407913,0.000237203962425426,0.00182502479803797
"ENSG00000308504.1","ENSG00000308504",NA,6.36574258328766,-4.718667606817,1.28457050761413,-3.67334262996675,0.00023939813647544,0.00183858631897902
"ENSG00000240764.5","ENSG00000240764","PCDHGC5",30.8999582008064,-1.26841389746031,0.345435404325337,-3.67192789615073,0.000240727607952483,0.00184713187515814
"ENSG00000169297.9","ENSG00000169297","NR0B1",9.75847459058206,-3.23215968180148,0.880701090787321,-3.66998487410981,0.000242564821435233,0.00185874227576198
"ENSG00000250899.3","ENSG00000250899",NA,55.0628190086952,1.0002986502448,0.272717962471947,3.66788693043165,0.000244563284761192,0.00186898990982073
"ENSG00000134070.7","ENSG00000134070","IRAK2",47.0969806544242,-1.05121755934055,0.287480825695121,-3.65665277605466,0.000255530140316472,0.00194285700562643
"ENSG00000158806.16","ENSG00000158806","NPM2",38.8169925168629,-1.23532727614015,0.338694267605683,-3.64732265731273,0.000264987084198065,0.00200796348995261
"ENSG00000135678.14","ENSG00000135678","CPM",870.561414855481,1.37342099832696,0.377422605932749,3.63894736758742,0.000273754736785564,0.00206430452402636
"ENSG00000164142.18","ENSG00000164142","FHIP1A",16.4468177766077,1.97762781129297,0.544566645607361,3.6315625043236,0.000281710406599899,0.00211773654577657
"ENSG00000139220.18","ENSG00000139220","PPFIA2",41.0720569370355,1.32327524407607,0.365862757986863,3.61686237581904,0.000298195746821247,0.00223083929645641
"ENSG00000290696.2","ENSG00000290696","POM121L9P",60.8642629022016,1.39702705817613,0.386271704755192,3.61669529757953,0.000298388205517614,0.00223129960440157
"ENSG00000146950.14","ENSG00000146950","SHROOM2",35.9604385369067,1.42973846531168,0.395957118098206,3.61084167946962,0.000305204934595284,0.00228027290459134
"ENSG00000141469.20","ENSG00000141469","SLC14A1",53.6676661566689,-4.08618199100108,1.13288690760756,-3.60687546441003,0.000309906304642765,0.00231134496442976
"ENSG00000178184.17","ENSG00000178184","PARD6G",63.9343758189822,-1.16215193563567,0.322535834155835,-3.60317153186199,0.00031435792733075,0.00233942698583871
"ENSG00000117152.14","ENSG00000117152","RGS4",105.789570815808,-1.00789391634989,0.279773767349607,-3.6025318810195,0.000315132736208937,0.00234416939784928
"ENSG00000123572.19","ENSG00000123572","NRK",108.136537044125,1.21114832844539,0.337531399934905,3.58825380002858,0.000332900147595042,0.00246022737004107
"ENSG00000145242.16","ENSG00000145242","EPHA5",36.0339139474106,-1.29996067843994,0.363182463526681,-3.57935971306731,0.000344437089177291,0.00253888273086479
"ENSG00000113739.12","ENSG00000113739","STC2",17400.6497383649,1.06859706070047,0.298555242522338,3.57922725346389,0.000344611701939448,0.00253907160590233
"ENSG00000204334.9","ENSG00000204334","ERICH2",56.3959335074141,-1.05892882037317,0.296475069447671,-3.57172973210172,0.000354631277959669,0.00260388894398478
"ENSG00000196511.17","ENSG00000196511","TPK1",53.5440303590668,-1.00647579352953,0.283275118771846,-3.55299751666563,0.000380868060378388,0.00278334197468632
"ENSG00000162383.13","ENSG00000162383","SLC1A7",40.3297972243508,-1.40396331176412,0.395818507950311,-3.54698752980083,0.000389663035006521,0.00284152222617934
"ENSG00000120549.21","ENSG00000120549","KIAA1217",51.9202851027679,-1.0954790744506,0.313721159769958,-3.49188774915239,0.000479619762383856,0.00341994978683919
"ENSG00000175928.8","ENSG00000175928","LRRN1",12.0415763194482,-2.12199270254346,0.608032869386332,-3.48993090568462,0.000483145446328978,0.00344364897379274
"ENSG00000286282.1","ENSG00000286282",NA,7.89952462944768,-2.89894286829698,0.830923108654137,-3.48882205598116,0.000485153997318159,0.00345651940731441
"ENSG00000102935.13","ENSG00000102935","ZNF423",36.3101036613796,-1.15652683826384,0.331646241009965,-3.48723035346897,0.00048805079508459,0.0034728023590111
"ENSG00000177453.9","ENSG00000177453","NIM1K",58.7244911953468,-1.34512192126896,0.386732971943105,-3.47816715629524,0.00050485499171027,0.00357717182678859
"ENSG00000198691.15","ENSG00000198691","ABCA4",38.4332934807462,1.31366804730192,0.378016420822052,3.47516132882577,0.000510546207329982,0.00361325932945081
"ENSG00000172497.11","ENSG00000172497","ACOT12",25.1999794377967,-1.645494895748,0.473527918790922,-3.47496912103833,0.000510912159191092,0.0036143482843232
"ENSG00000258457.6","ENSG00000258457",NA,19.6297431018227,-1.63362468265552,0.470368647102227,-3.47307307304537,0.000514535244685305,0.003635451757847
"ENSG00000289961.2","ENSG00000289961",NA,8.95748526566348,-2.61798217342907,0.753914225236664,-3.47251993104023,0.000515596726398929,0.00364140490522621
"ENSG00000141431.15","ENSG00000141431","ASXL3",28.7111558395608,-1.38246422499547,0.398803664286997,-3.46652839177673,0.000527226050337356,0.00371127069386585
"ENSG00000123612.18","ENSG00000123612","ACVR1C",20.5896503331031,-1.47258657682318,0.425401862476734,-3.46163641186155,0.000536901953296115,0.00376848562111713
"ENSG00000237886.3","ENSG00000237886",NA,31.4752094042517,-1.42383069219985,0.411460992247391,-3.46042691537518,0.000539319609725352,0.00378233941931664
"ENSG00000287901.2","ENSG00000287901",NA,5.96453750869413,-3.77337513769843,1.09179623241564,-3.45611665040251,0.000548018103913069,0.00383702733232807
"ENSG00000137960.8","ENSG00000137960","GIPC2",20.7727968719961,1.51949129684779,0.439712632562474,3.4556462205618,0.000548975342445562,0.00384057380375914
"ENSG00000166292.14","ENSG00000166292","TMEM100",40.4504347654152,1.34497997113833,0.39131506036126,3.43707694228955,0.000588028535188517,0.00407862527337514
"ENSG00000165383.13","ENSG00000165383","LRRC18",38.5277183854266,1.10122791541147,0.320872603826698,3.43197861792602,0.000599194798321413,0.0041459511786413
"ENSG00000187479.9","ENSG00000187479","C11orf96",53.9106285101783,1.13374927983359,0.331032682079516,3.42488624600896,0.000615056885761342,0.00423678231493323
"ENSG00000155849.18","ENSG00000155849","ELMO1",23.950927496196,1.51828240073389,0.44417323472383,3.4182212750345,0.000630318400372233,0.00432519141018842
"ENSG00000308980.1","ENSG00000308980",NA,27.2480931757771,-1.3429516700777,0.393065335206252,-3.41661181943967,0.000634056185156203,0.00434482730495859
"ENSG00000265763.6","ENSG00000265763","ZNF488",13.715743802806,-2.49358397403781,0.734604297881994,-3.39445873271814,0.000687644026384818,0.0046781754481637
"ENSG00000135312.7","ENSG00000135312","HTR1B",8.37064231528268,2.90257068592275,0.855963359690336,3.39099875369995,0.000696384177954423,0.00472819886880449
"ENSG00000197594.16","ENSG00000197594","ENPP1",671.275161210074,1.28045743340375,0.378042974970459,3.38706845036285,0.000706437598257542,0.0047869222860855
"ENSG00000172955.19","ENSG00000172955","ADH6",25.954983480309,1.25923993667145,0.371962325620554,3.38539644995128,0.000710755203053336,0.00480790705015598
"ENSG00000160200.20","ENSG00000160200","CBS",41.4785454262945,1.69444826812081,0.500525961296011,3.38533542542605,0.000710913249427658,0.00480790705015598
"ENSG00000224468.3","ENSG00000224468","LAMC1-AS1",32.2571010676124,1.15248467136049,0.340819085215619,3.38151447895404,0.000720874336781248,0.00486540215739645
"ENSG00000243137.9","ENSG00000243137","PSG4",180.454027226497,-1.03508784403286,0.30662441064368,-3.37575159740203,0.000736143500544066,0.00494885898866744
"ENSG00000167311.16","ENSG00000167311","ART5",27.1287810962269,-1.38903881705034,0.411539271990552,-3.37522786180716,0.000737545963963734,0.00495633214427049
"ENSG00000166670.10","ENSG00000166670","MMP10",7.14424955401393,-3.12351970978239,0.925899377843833,-3.37349801125929,0.000742195826345613,0.00498561343026486
"ENSG00000222005.10","ENSG00000222005","LINC01118",41.406180897922,-1.23724643550607,0.366927103509666,-3.37191345003349,0.000746479027138305,0.00501240960618243
"ENSG00000184185.12","ENSG00000184185","KCNJ12",35.9585239755698,1.04578356216466,0.31072842482742,3.36558704838635,0.000763809626309628,0.0051207095403496
"ENSG00000091831.27","ENSG00000091831","ESR1",34.5975709008477,-1.16861796146069,0.347417447002627,-3.36372848152283,0.000768971554352496,0.00514721650796356
"ENSG00000162817.8","ENSG00000162817","C1orf115",653.924195286862,1.16163297163228,0.346079853466661,3.35654606876499,0.000789225713382358,0.00526624299430781
"ENSG00000227268.5","ENSG00000227268","KLLN",20.0228332635237,-1.61650261994202,0.482358865607237,-3.35124475820926,0.000804491631501083,0.00535552593126619
"ENSG00000103257.12","ENSG00000103257","SLC7A5",429.237690014397,-1.26653847193039,0.377993832460346,-3.3506855487206,0.000806117836713114,0.0053642562175966
"ENSG00000136267.16","ENSG00000136267","DGKB",8.17880867156712,-3.0722645088447,0.917208321756106,-3.34958202621022,0.00080933588030161,0.00537936898287833
"ENSG00000158125.12","ENSG00000158125","XDH",23.5204406516325,1.38401421634798,0.41418702712304,3.34151995527576,0.000833210268898108,0.00549944593437705
"ENSG00000183831.9","ENSG00000183831","ANKRD45",28.5518138210314,-1.28311368243772,0.384195656355351,-3.33974021104221,0.000838567944667493,0.00552624706613434
"ENSG00000196668.5","ENSG00000196668","LINC00173",23.4700256817476,-1.35499340450465,0.40595873387113,-3.33776143102957,0.000844562295866513,0.00555715468963595
"ENSG00000125657.6","ENSG00000125657","TNFSF9",13.3884949143694,-1.86641834738126,0.559730806332246,-3.33449280666069,0.00085455110693351,0.00561262533645675
"ENSG00000110203.12","ENSG00000110203","FOLR3",18.3546277927185,-1.53650997883651,0.461575499254576,-3.32883782028706,0.000872091707102065,0.00571183200324112
"ENSG00000172476.6","ENSG00000172476","RAB40A",37.5526761984727,1.03296097254155,0.310374734610395,3.32810908026453,0.00087437623218626,0.00572239621694249
"ENSG00000178038.19","ENSG00000178038","ALS2CL",35.0762162661398,-1.11067090988851,0.334778158570773,-3.31763253203302,0.00090783834734379,0.00592319338263127
"ENSG00000159200.19","ENSG00000159200","RCAN1",2273.69272661263,1.48123698799235,0.447010785481597,3.31364932592511,0.00092086920483042,0.00599655790526936
"ENSG00000064201.18","ENSG00000064201","TSPAN32",16.9475713816471,-1.56223319996429,0.473316002295365,-3.30061352751265,0.000964736736311858,0.00624843840372659
"ENSG00000144648.18","ENSG00000144648","ACKR2",33.3831470677936,1.50499520266118,0.456309831490559,3.29818710621473,0.000973112670203865,0.00628649966854218
"ENSG00000249242.9","ENSG00000249242","TMEM150C",41.2296742698108,1.0899784919868,0.3315323362627,3.28769888413877,0.00101009814189453,0.00649343362284668
"ENSG00000137880.7","ENSG00000137880","GCHFR",18.4668247249955,1.4914147661498,0.453935154079021,3.28552383032703,0.00101792931371806,0.00653637956457543
"ENSG00000160870.16","ENSG00000160870","CYP3A7",72.2094001416455,-1.05011496085391,0.320808878784848,-3.27333509231885,0.00106286390584275,0.0068069623011545
"ENSG00000291081.2","ENSG00000291081","FAM86HP",52.6252363872694,-1.05922454815728,0.324111060274577,-3.26809133653119,0.00108275417383153,0.00692341754670921
"ENSG00000283654.5","ENSG00000283654","CIROP",12.8685902003038,-2.02988578969937,0.621671700260885,-3.26520539514269,0.00109384726681237,0.00697916328005106
"ENSG00000229647.4","ENSG00000229647","MYOSLID",15.1498667806757,2.02948210044484,0.62216646381388,3.2619599712979,0.00110644766169124,0.00704900226188492
"ENSG00000287315.1","ENSG00000287315","LOC101927401",23.5544744806648,-1.49770988744775,0.459928769586264,-3.25639530833228,0.00112836533511227,0.00715919659009061
"ENSG00000308298.1","ENSG00000308298",NA,12.5474734961117,2.00553676326288,0.617008777511393,3.25041852946062,0.00115235280665126,0.0072950952938153
"ENSG00000264345.3","ENSG00000264345","LINC01894",14.6905364660921,-2.01368645276313,0.620170825957042,-3.24698674700737,0.00116633820752341,0.00736994280037598
"ENSG00000274276.6","ENSG00000274276","LOC102724560",51.1957633553775,1.09448184797605,0.337412022016949,3.24375474659607,0.00117965270797804,0.00744837283071098
"ENSG00000119703.17","ENSG00000119703","ZC2HC1C",34.0054270501527,-1.12722183635045,0.34756191497148,-3.24322599167102,0.00118184427958621,0.00745686420315001
"ENSG00000130487.10","ENSG00000130487","KLHDC7B",9.68354831647064,-3.03579685852754,0.936463860539995,-3.24176616573009,0.00118791447969267,0.00748135242908403
"ENSG00000005471.21","ENSG00000005471","ABCB4",33.0799668903879,-1.16728833200817,0.361061143876332,-3.23293810980663,0.00122524103839517,0.00770216074375891
"ENSG00000269289.7","ENSG00000269289","LOC100505851",7.64282631261451,3.13898935592654,0.972135074098721,3.22896420421487,0.00124239444577752,0.00778987716885228
"ENSG00000160097.22","ENSG00000160097","FNDC5",14.9343830655564,-1.69184278536001,0.524035848022288,-3.2284867375868,0.00124447029206989,0.00780002306636816
"ENSG00000262097.4","ENSG00000262097",NA,12.1288864959344,-1.96741247110176,0.609951627619911,-3.22552212669518,0.00125743115614389,0.00786968114689834
"ENSG00000168062.11","ENSG00000168062","BATF2",31.2637117595766,-1.39195919995629,0.432356286853583,-3.21947255603959,0.00128426653121603,0.00802878584922359
"ENSG00000079101.19","ENSG00000079101","CLUL1",6.18021161290617,-4.27306628883451,1.33045343974708,-3.21173681180968,0.00131935182873081,0.00821482907784119
"ENSG00000300524.1","ENSG00000300524",NA,16.1536183888164,2.09402592685543,0.653339020631321,3.20511382410924,0.00135009079116204,0.00837115797827293
"ENSG00000260420.4","ENSG00000260420","LINC02182",35.7688325603105,-1.41121309046573,0.440330005967779,-3.20489876079213,0.00135109994125131,0.00837288916320176
"ENSG00000149596.9","ENSG00000149596","JPH2",45.0959195108931,1.12688400923842,0.352704289548329,3.19498243324883,0.00139839351931278,0.00860811589827749
"ENSG00000183775.12","ENSG00000183775","KCTD16",76.2357663463129,-1.03725299475338,0.325036098908877,-3.19119321895432,0.00141686491178923,0.00870447434272245
"ENSG00000165269.15","ENSG00000165269","AQP7",10.1423986447358,-2.72480033772224,0.854433636824455,-3.18901342396712,0.00142759248081312,0.00876012187920724
"ENSG00000162267.16","ENSG00000162267","ITIH3",7.89143184214814,3.41558502423529,1.07130696796768,3.18824121037391,0.00143141075286611,0.00877801441178276
"ENSG00000173114.15","ENSG00000173114","LRRN3",60.8474468491821,-1.05886570130415,0.332193078305977,-3.18750079533219,0.00143508063295202,0.00879419063170384
"ENSG00000235169.13","ENSG00000235169","SMIM1",37.2512709155427,-1.02286486003724,0.321287952833745,-3.18363900985274,0.00145436262188997,0.00887405936349765
"ENSG00000287260.3","ENSG00000287260","LOC101928868",18.7537344576834,-1.47572961088945,0.464872053899065,-3.17448553534662,0.00150102371929423,0.00913261200435999
"ENSG00000287255.4","ENSG00000287255","LOC101929667",6.01456084210425,2.88720538993605,0.909999376595708,3.1727553492806,0.0015099970835064,0.00918392944222558
"ENSG00000108602.20","ENSG00000108602","ALDH3A1",8.48103455771479,-2.38353092326973,0.754514044294173,-3.15902790848574,0.00158296330935967,0.00957985110728251
"ENSG00000113368.14","ENSG00000113368","LMNB1",51.776791425101,-1.02707487630973,0.325152906948785,-3.15874425342753,0.00158450470298295,0.00958237372187208
"ENSG00000181350.14","ENSG00000181350","LRRC75A",39.8845151104008,-1.00051343292451,0.317021870097958,-3.15597606125836,0.00159961988498075,0.00966007160873211
"ENSG00000116690.15","ENSG00000116690","PRG4",21.5615351514641,1.73092137994582,0.548479783270637,3.1558526544482,0.00160029680458477,0.00966073614726661
"ENSG00000084674.16","ENSG00000084674","APOB",201.919417724802,1.65280596629227,0.526472361847269,3.13939740443916,0.0016929568465855,0.0101339552439446
"ENSG00000159713.13","ENSG00000159713","TPPP3",14.5160507842653,-1.60395433149842,0.5111771144723,-3.1377663163857,0.00170240542378987,0.0101762164967474
"ENSG00000077616.12","ENSG00000077616","NAALAD2",38.4049101885082,-1.09079656058764,0.347663982267872,-3.13750234773295,0.00170393909512839,0.010181812783723
"ENSG00000132854.21","ENSG00000132854","KANK4",6.63839387881911,-3.21682690141195,1.02664177893094,-3.13334891237497,0.00172823867648361,0.0103125502537233
"ENSG00000111846.22","ENSG00000111846","GCNT2",40.1154126301083,1.12934686837552,0.360935018430016,3.12894790117046,0.0017543341062082,0.0104536230202798
"ENSG00000055813.8","ENSG00000055813","CCDC85A",26.2317139402862,-1.41998434663201,0.453876517851521,-3.12856975583067,0.00175659310434975,0.0104634252654067
"ENSG00000281969.1","ENSG00000281969",NA,9.27611949218033,2.37811530556595,0.760956550836389,3.12516569172326,0.00177704933118119,0.0105522644024091
"ENSG00000116299.19","ENSG00000116299","ELAPOR1",31.61634578228,-1.10308472449706,0.353013763717093,-3.12476406835254,0.00177947721668681,0.0105628180866515
"ENSG00000184916.11","ENSG00000184916","JAG2",30.0367306062451,-1.2207938986751,0.390875952920794,-3.12322589699571,0.00178880396788735,0.0106144837119555
"ENSG00000258947.9","ENSG00000258947","TUBB3",34.2805051179461,-1.10986897970321,0.355885173431111,-3.11861539215837,0.00181702976053372,0.0107632329436968
"ENSG00000235314.2","ENSG00000235314",NA,21.0637042068154,1.32583817798326,0.42532958576772,3.11720186497284,0.0018257650901248,0.0108037113423288
"ENSG00000069535.16","ENSG00000069535","MAOB",402.763610354176,1.33972047473876,0.429800667359791,3.117073975172,0.00182655732545999,0.0108046476711173
"ENSG00000264745.2","ENSG00000264745","TTC39C-AS1",17.0416023884173,1.5699586968666,0.504108387162639,3.11432766612568,0.0018436462182167,0.0108904510894976
"ENSG00000127561.18","ENSG00000127561","SYNGR3",39.264317223735,1.05480551064483,0.338990864799083,3.11160453031679,0.00186073584629517,0.0109763448572386
"ENSG00000099840.15","ENSG00000099840","IZUMO4",38.3125437415131,1.00457827768013,0.32291299032658,3.11098750367442,0.00186462829923943,0.0109878960842456
"ENSG00000124466.9","ENSG00000124466","LYPD3",20.1073466532126,-1.37258158664075,0.442724319734514,-3.10030763040946,0.00193319743879272,0.011344886622557
"ENSG00000171817.19","ENSG00000171817","ZNF540",32.3749807380719,-1.06723063691391,0.345573044385294,-3.08829248766292,0.00201310231067267,0.0117853966260679
"ENSG00000197208.8","ENSG00000197208","SLC22A4",25.5936401673057,-1.24278369653004,0.402573984229974,-3.08709391369931,0.00202123728246202,0.0118248972769371
"ENSG00000272356.1","ENSG00000272356",NA,25.4304595438976,1.20571582101827,0.39085704004373,3.08480006112559,0.00203689030670974,0.0119123831870101
"ENSG00000173110.8","ENSG00000173110","HSPA6",5.60164785550951,-3.02910850224152,0.982580086913895,-3.08281079841074,0.00205055480959677,0.0119881835557969
"ENSG00000185760.19","ENSG00000185760","KCNQ5",37.6439836396485,-1.05291619283226,0.341828653921997,-3.08024555797633,0.00206829992891471,0.0120712217084125
"ENSG00000285938.2","ENSG00000285938","LOC122526776",28.6733749896518,1.12830054484933,0.368567540719889,3.06131284009852,0.0022036871404256,0.0127435480987897
"ENSG00000132334.19","ENSG00000132334","PTPRE",79.1192638172089,1.10252877297527,0.360186105010553,3.06099751666702,0.00220600924065553,0.0127526490770867
"ENSG00000104894.14","ENSG00000104894","CD37",23.9358158252871,-1.24283894672101,0.406189020879694,-3.05975514559541,0.002215180132411,0.0128013224199893
"ENSG00000250934.4","ENSG00000250934",NA,6.57306903546563,2.62783166043032,0.860031363135876,3.05550677925119,0.00224680523444219,0.0129489532652566
"ENSG00000213420.10","ENSG00000213420","GPC2",18.0724600778754,-1.38296673646363,0.453295997823061,-3.05091318499453,0.00228146530866823,0.0131240708986057
"ENSG00000299591.1","ENSG00000299591",NA,33.3872524541025,-1.12867333545847,0.370046057112698,-3.05008880317492,0.0022877371157316,0.0131492802449571
"ENSG00000293270.2","ENSG00000293270",NA,12.0659922106677,1.69189241911495,0.555340074611847,3.0465880213984,0.00231454700792605,0.0132809798347056
"ENSG00000287335.3","ENSG00000287335",NA,22.1709507304094,-1.29001259221126,0.423598684848467,-3.0453649606413,0.00232398114377395,0.0133261395195813
"ENSG00000057294.20","ENSG00000057294","PKP2",13.4602198219994,2.1312107492907,0.70000771380695,3.044553234564,0.00233026185898708,0.0133441944223312
"ENSG00000224000.2","ENSG00000224000",NA,17.696787292668,1.58932463827663,0.523138888520987,3.03805485149452,0.00238110609116973,0.0135942412079446
"ENSG00000182508.16","ENSG00000182508","LHFPL1",15.3219353111355,-1.59766261280748,0.526447687716947,-3.03479842363081,0.00240696499652738,0.0137097250905146
"ENSG00000307688.1","ENSG00000307688",NA,11.0264484429044,1.90427978785998,0.627699122025138,3.0337461389403,0.00241537585765936,0.0137484420060891
"ENSG00000124374.11","ENSG00000124374","PAIP2B",19.6296762630105,1.46946155702498,0.484907189767751,3.03039754417498,0.00244232034467565,0.0138740077713208
"ENSG00000253968.3","ENSG00000253968",NA,11.8226173433245,1.73235666807001,0.575284038339715,3.01130668090434,0.00260125981331653,0.0146450841554477
"ENSG00000244558.7","ENSG00000244558",NA,33.5162148700164,-1.08853628882573,0.362602182410067,-3.00201251297132,0.00268201151193529,0.0150302006532066
"ENSG00000157502.15","ENSG00000157502","PWWP3B",5.90764388630453,3.04663787942762,1.01485952228281,3.00202916022756,0.00268186484785735,0.0150302006532066
"ENSG00000270605.2","ENSG00000270605",NA,17.7074052502899,-1.4566181359214,0.48641496831603,-2.99459973644359,0.00274805196502505,0.015354852979658
"ENSG00000203943.10","ENSG00000203943","SAMD13",14.1280985979821,-1.55301884364385,0.520134095776712,-2.98580473046041,0.00282833183313066,0.0157258761275291
"ENSG00000114115.13","ENSG00000114115","RBP1",20.161041821425,-1.57369743583693,0.527614520051675,-2.98266513909207,0.00285750445768511,0.0158474885336685
"ENSG00000144644.17","ENSG00000144644","GADL1",14.1112740867538,-2.08864281614097,0.700577384502964,-2.98131635753957,0.00287012128903873,0.0158961998725375
"ENSG00000147234.11","ENSG00000147234","FRMPD3",31.5262126825445,-1.20969789628318,0.406010035571186,-2.9794778214813,0.00288740131499414,0.0159711435281175
"ENSG00000215018.11","ENSG00000215018","COL28A1",6.78776578595875,2.41071415038704,0.811465243692671,2.97081627232338,0.00297009407783621,0.0163700980835979
"ENSG00000187094.14","ENSG00000187094","CCK",25.8112515628602,1.46613288324115,0.494408757874928,2.96542660276265,0.00302263461572614,0.0166113315450515
"ENSG00000172348.17","ENSG00000172348","RCAN2",543.054006051578,-1.53462613495467,0.518314087819961,-2.96080344142165,0.00306837695279527,0.0168355698742875
"ENSG00000004846.17","ENSG00000004846","ABCB5",17.9565973014245,-1.66588040729841,0.563255143367527,-2.95759466542751,0.00310049529545626,0.0169636669069521
"ENSG00000253819.4","ENSG00000253819",NA,10.386858336232,-1.90179743928697,0.645867095294871,-2.94456468388238,0.00323409336492888,0.0176256537016687
"ENSG00000104951.18","ENSG00000104951","IL4I1",7.30506322144836,-2.41315431463114,0.820394733141414,-2.9414551521934,0.00326674142560636,0.0177751619971851
"ENSG00000293189.2","ENSG00000293189",NA,7.62537831137124,-2.24786372802168,0.764385921957705,-2.94074454205615,0.0032742443930556,0.0178103009723759
"ENSG00000308271.1","ENSG00000308271",NA,18.022898528818,-1.44795366125834,0.493145559033807,-2.93615877651872,0.00332304186934935,0.0180437771152021
"ENSG00000128917.10","ENSG00000128917","DLL4",69.8311408502927,2.85404200089544,0.975354027083971,2.92616006254489,0.00343174322446888,0.0185721714929815
"ENSG00000228784.10","ENSG00000228784","LINC00954",11.9960511096337,-1.72577663812759,0.590143228174345,-2.92433523886466,0.00345192765284553,0.0186636266052644
"ENSG00000223802.10","ENSG00000223802","CERS1",8.93851587458155,-2.03023796902116,0.694688607800182,-2.92251513300349,0.0034721674783688,0.0187492643112677
"ENSG00000182674.7","ENSG00000182674","KCNB2",6.34542453353702,-2.82194292159935,0.966478268820258,-2.91982035462006,0.00350233215767307,0.0188710347467034
"ENSG00000041515.17","ENSG00000041515","MYO16",9.72410629111759,1.82877610832905,0.6273670937759,2.91500164173785,0.0035568667151492,0.0191399187115796
"ENSG00000115468.15","ENSG00000115468","EFHD1",11.2531377709695,2.74860719115169,0.943410275316423,2.91348023555266,0.00357424461983736,0.0192152292780026
"ENSG00000247317.6","ENSG00000247317",NA,30.2550747859541,-1.18026385788587,0.407229858079495,-2.89827436389862,0.00375222189021811,0.0199891733207555
"ENSG00000285051.3","ENSG00000285051","SLC7A14-AS1",8.69942031847737,-2.10961203028878,0.728664317615321,-2.89517680403625,0.00378945029305688,0.0201748865649095
"ENSG00000155269.12","ENSG00000155269","GPR78",10.1377295813545,-1.91931234537075,0.663288247197813,-2.89363237397805,0.00380813734071088,0.0202617160663112
"ENSG00000185274.14","ENSG00000185274","GALNT17",27.6622411480656,1.29759747099214,0.449350550875081,2.88771754805943,0.00388048158170249,0.0205823738298705
"ENSG00000156453.15","ENSG00000156453","PCDH1",14.7201287722005,-1.83596829662455,0.636042542817635,-2.88654951992881,0.00389491449566668,0.0206396557323232
"ENSG00000003987.16","ENSG00000003987","MTMR7",26.2262393690186,1.04542408225282,0.362597194243477,2.8831554652098,0.00393713076930616,0.0208374480032657
"ENSG00000259495.4","ENSG00000259495","ARNT2-DT",22.3286221283713,-1.20445136684672,0.417777192234265,-2.88299933370068,0.00393908274037863,0.0208413064456792
"ENSG00000176912.8","ENSG00000176912",NA,24.8455935205241,-1.16385061081388,0.404037061022071,-2.88055409538359,0.00396976822776641,0.02099062678796
"ENSG00000105963.17","ENSG00000105963","ADAP1",11.5358386701063,1.81981275381113,0.632488885310097,2.87722487474054,0.00401189583139473,0.0211739636911208
"ENSG00000168079.19","ENSG00000168079","SCARA5",409.645025751882,1.5981522040763,0.556338382801483,2.87262618126165,0.00407075479702226,0.0214116676700164
"ENSG00000167131.19","ENSG00000167131","CCDC103",30.2455721585393,-1.00646958293385,0.353120726653952,-2.85021384179513,0.00436898443583183,0.0227277877763877
"ENSG00000079841.21","ENSG00000079841","RIMS1",42.0322456083323,1.13775672545895,0.39946357238937,2.84821146181995,0.00439657007199992,0.0228493190111888
"ENSG00000251301.9","ENSG00000251301",NA,7.57493482591075,2.29232129657169,0.805144321483988,2.84709366433416,0.00441203789537652,0.0229097957992098
"ENSG00000167653.7","ENSG00000167653","PSCA",22.9199890478617,-1.42701200312745,0.503531401980574,-2.83400796358378,0.00459681864486824,0.0237462817053182
"ENSG00000243089.3","ENSG00000243089",NA,12.166495662615,1.59349766055969,0.562494794623717,2.83291094564825,0.00461262344293536,0.023813489462134
"ENSG00000197046.13","ENSG00000197046","SIGLEC15",5.58702738095222,-2.55174253736081,0.903874071362729,-2.82311731048294,0.00475591660835338,0.024434829918468
"ENSG00000271855.2","ENSG00000271855",NA,21.431573467534,-1.15351733209373,0.408852186142698,-2.82135542181282,0.00478211877531271,0.0245472494484576
"ENSG00000245729.3","ENSG00000245729","LINC02226",22.5268898431661,-1.32997710348924,0.472424594033113,-2.81521563501841,0.00487445145967953,0.0249535601609668
"ENSG00000078114.21","ENSG00000078114","NEBL",7.65255221743567,2.76099583982447,0.981423129429271,2.81325735763949,0.00490423830017563,0.0250909724141678
"ENSG00000266573.7","ENSG00000266573",NA,7.71546327364624,-2.23054079250249,0.794208639666167,-2.80850733812221,0.00497717481145385,0.0253955129152086
"ENSG00000180525.15","ENSG00000180525","DIP2C-AS1",30.6684998314581,1.41817727219212,0.505314238307358,2.8065254542254,0.0050078955746216,0.0255216974828652
"ENSG00000125872.11","ENSG00000125872","LRRN4",6.54202393710591,2.37711322316225,0.847732604755883,2.8040837521482,0.0050459795668848,0.0256620661828859
"ENSG00000262468.9","ENSG00000262468",NA,26.1865277473355,-1.06354238873798,0.379413273966323,-2.80312382753476,0.00506102337610766,0.0257232211081499
"ENSG00000288886.3","ENSG00000288886",NA,12.0350640072487,-1.82275928260453,0.651139797451352,-2.79933631723795,0.00512077712603202,0.0259727035064993
"ENSG00000108684.15","ENSG00000108684","ASIC2",7.80190809047877,-2.39658977432054,0.8561781624304,-2.79917180732271,0.00512338691104093,0.0259782087884438
"ENSG00000117594.12","ENSG00000117594","HSD11B1",772.994216978608,1.58694353865813,0.567834465891451,2.79472915784843,0.00519432123705555,0.0262675437750447
"ENSG00000224609.9","ENSG00000224609","HSD52",19.3264861374103,-1.21786138145529,0.436505708650442,-2.79002395002023,0.00527041427164394,0.02659709802113
"ENSG00000198944.6","ENSG00000198944","SOWAHA",14.0291263946401,-1.48433836414907,0.532720433213822,-2.7863364564304,0.00533075095852476,0.0268618148536898
"ENSG00000185972.7","ENSG00000185972","CCIN",14.9142732374206,-1.38874307956807,0.499331281201298,-2.78120584840392,0.00541573849281661,0.027217639455789
"ENSG00000130222.13","ENSG00000130222","GADD45G",13.2084648618738,-1.59461935718734,0.574616031582596,-2.77510419052437,0.00551840256361768,0.0276601813203448
"ENSG00000269959.1","ENSG00000269959","SPACA6-AS1",10.2613481397052,-2.0832805496183,0.751837780664836,-2.77091761440359,0.00558985680928588,0.0279607689298063
"ENSG00000259460.2","ENSG00000259460",NA,23.6569478794955,-1.21698451455515,0.439472738451119,-2.7691922799223,0.00561954601342604,0.028043426987059
"ENSG00000082126.20","ENSG00000082126","MPP4",18.9500997986407,1.26136599287989,0.455595395829235,2.76861005275099,0.00562959691769372,0.028077140963224
"ENSG00000147041.14","ENSG00000147041","SYTL5",11.2744458368621,-1.9966687308292,0.721711149238911,-2.7665759811731,0.00566483822890264,0.0282116227635765
"ENSG00000155749.14","ENSG00000155749","FLACC1",23.3354150957515,1.06102037172927,0.384360311866298,2.76048368932105,0.00577158399150547,0.0286395165981697
"ENSG00000162894.14","ENSG00000162894","FCMR",24.2780062939971,1.4603974562495,0.529204323313579,2.75960983671736,0.00578704299380355,0.0286944389585104
"ENSG00000249776.6","ENSG00000249776",NA,19.3824562041063,-1.25303558259806,0.454265057458405,-2.75837985340265,0.00580886543099818,0.0287858926068831
"ENSG00000276529.1","ENSG00000276529",NA,16.2850955251676,1.36107586231837,0.493619462534825,2.75733832561829,0.00582740225990216,0.028855303080292
"ENSG00000271930.1","ENSG00000271930",NA,24.8471151202011,-1.05978024416877,0.384676765803096,-2.7549889631526,0.00586941153485942,0.0290268460177232
"ENSG00000280073.1","ENSG00000280073",NA,9.49660583636595,-2.04114168488176,0.741002320272771,-2.75456854727579,0.00587695777998381,0.0290557338225947
"ENSG00000100167.21","ENSG00000100167","SEPTIN3",17.7115543952979,-1.47037021472624,0.534319476221416,-2.75185592171253,0.00592585859914559,0.0292550643819928
"ENSG00000282164.4","ENSG00000282164","PEG13",12.8247955989053,-1.71217640718077,0.622394555157495,-2.75095016978018,0.00594226817363929,0.0293190892342677
"ENSG00000302225.1","ENSG00000302225",NA,11.6413329559998,1.62211887161719,0.590237970097429,2.74824554467316,0.00599151205126479,0.0295022676618476
"ENSG00000227014.7","ENSG00000227014",NA,10.0233879888335,1.78115309424232,0.648886011451291,2.74493988591096,0.00605219828680602,0.0297448166926403
"ENSG00000289438.2","ENSG00000289438",NA,7.123430813114,2.34660729464033,0.855056723392768,2.74438786391769,0.00606238624777001,0.0297824117712587
"ENSG00000171724.4","ENSG00000171724","VAT1L",16.8776761126495,-1.57808277816023,0.576278592872271,-2.73840256722846,0.00617384512371537,0.0302341001719418
"ENSG00000168955.5","ENSG00000168955","TM4SF20",51.7423843373118,1.13960149132408,0.418296877895241,2.7243844062577,0.00644214769324798,0.031349489130087
"ENSG00000259146.5","ENSG00000259146",NA,17.3145980998828,-1.28665044867084,0.473051992649795,-2.71989225003299,0.00653031917652514,0.031670375471355
"ENSG00000287935.2","ENSG00000287935","LOC124902606",8.22832914899054,2.08122839479608,0.765965276116055,2.71713151978542,0.00658504347086573,0.0318994629990033
"ENSG00000198203.12","ENSG00000198203","SULT1C2",10.6111612554587,-1.59286642762095,0.588600708214711,-2.70619182986083,0.00680597184275672,0.0328483070360408
"ENSG00000169129.18","ENSG00000169129","AFAP1L2",9.23808238681945,-1.87218411181579,0.691943384439005,-2.7056897340433,0.00681626976271572,0.0328886945912235
"ENSG00000187801.17","ENSG00000187801","ZFP69B",27.1694034370434,-1.01899437758025,0.377143316339562,-2.70187574174798,0.00689495249278627,0.0332025375479129
"ENSG00000102468.13","ENSG00000102468","HTR2A",10.6776426066081,-1.80808703054408,0.669810987005888,-2.69939888359608,0.00694648616742845,0.033413044152138
"ENSG00000182379.11","ENSG00000182379","NXPH4",20.6776985039041,-1.17615310893992,0.435817815431098,-2.69872654879081,0.00696053438369129,0.0334616155054632
"ENSG00000078725.15","ENSG00000078725","BRINP1",31.3483356054899,-1.13716684807803,0.422216229415914,-2.6933281310649,0.00707426080216871,0.0339422014695209
"ENSG00000259345.8","ENSG00000259345",NA,24.3248987480906,1.1461393221637,0.425948752746149,2.69079159118177,0.00712827102577912,0.0341619782962114
"ENSG00000100092.25","ENSG00000100092","SH3BP1",25.075268263876,-1.04453162538635,0.388185273968886,-2.6908069301724,0.00712794330512224,0.0341619782962114
"ENSG00000137561.7","ENSG00000137561","TTPA",7.58457435888291,2.1786854287556,0.810191493900951,2.68909936127021,0.0071645090322775,0.0343163470848997
"ENSG00000285790.2","ENSG00000285790",NA,8.54769270669552,1.79624649691314,0.668130081211927,2.68846823010111,0.00717806657860277,0.034371624229432
"ENSG00000215493.3","ENSG00000215493",NA,28.1109842626071,-1.07032411362385,0.39822011033282,-2.68777011971924,0.00719308974828722,0.0344338863736828
"ENSG00000231290.8","ENSG00000231290","APCDD1L-DT",10.8773787760202,-1.70777906176005,0.638322565465502,-2.67541702918591,0.00746363449791258,0.035505837911455
"ENSG00000244301.8","ENSG00000244301",NA,6.10318957034545,2.53980292925374,0.950234555980243,2.67281684639824,0.00752173049160488,0.0357460488114697
"ENSG00000273162.2","ENSG00000273162",NA,12.1195927884154,-1.5072195020679,0.564337523668353,-2.67077668745214,0.00756759739181556,0.0359039517681851
"ENSG00000231606.2","ENSG00000231606",NA,5.8543906600697,2.28689039399707,0.85758090771443,2.66667596424453,0.00766054922767179,0.0362843468421297
"ENSG00000288065.1","ENSG00000288065",NA,22.0990248457672,-1.11153743333499,0.417445849257547,-2.66271046966194,0.00775140774460872,0.0366637498705584
"ENSG00000299960.1","ENSG00000299960",NA,20.2774953207372,1.12366221856628,0.422879785160105,2.65716702003348,0.00788003923151388,0.037045966505782
"ENSG00000172156.5","ENSG00000172156","CCL11",527.818656521124,-1.50647698963922,0.567300547126902,-2.65551830906701,0.00791866347645796,0.0371865150084862
"ENSG00000256218.2","ENSG00000256218",NA,27.6993187656325,-1.13385738925204,0.427049523344241,-2.65509578461242,0.00792858918547671,0.0372228696691168
"ENSG00000046889.21","ENSG00000046889","PREX2",34.5269159046486,-1.03082876878171,0.388599424588435,-2.65267703335757,0.00798562390860978,0.0374287686057557
"ENSG00000301902.1","ENSG00000301902",NA,6.65928080538913,2.03454369356911,0.767423258825218,2.65113634512931,0.00802214497285824,0.0375379996231329
"ENSG00000289003.1","ENSG00000289003",NA,15.3913404344123,1.31076501639375,0.494724334345446,2.64948563350534,0.00806143995863813,0.0376495093930148
"ENSG00000171316.16","ENSG00000171316","CHD7",7.7736546134701,1.98620395034582,0.749652934181255,2.64949800071827,0.00806114491911186,0.0376495093930148
"ENSG00000231298.9","ENSG00000231298","MANCR",8.89383232635517,1.87387304449582,0.708150175162522,2.64615205957658,0.00814132106572936,0.0379394021334864
"ENSG00000188596.12","ENSG00000188596","CFAP54",27.3947421738345,-1.06021950407637,0.401001046543094,-2.64393201268722,0.00819491145719237,0.0381057792778915
"ENSG00000182329.15","ENSG00000182329","KIAA2012",7.3071206314341,-2.14655464740763,0.81337233049809,-2.63907999684859,0.00831313615809586,0.0385583308234196
"ENSG00000137642.15","ENSG00000137642","SORL1",14.8533426498072,-1.58369966504557,0.600980547239218,-2.63519288988765,0.00840894821516312,0.0389522412293585
"ENSG00000155011.10","ENSG00000155011","DKK2",12.0607533630133,-1.50769401011834,0.572386047976297,-2.63405094419907,0.00843728275298311,0.0390622582657806
"ENSG00000157578.16","ENSG00000157578","LCA5L",19.4192066123393,-1.11989472373123,0.425239341192645,-2.63356330246945,0.00844940836244343,0.0391077722196526
"ENSG00000259863.2","ENSG00000259863",NA,15.4107704767748,1.48637045149934,0.564927315080939,2.63108263987267,0.00851133367575639,0.0393836949503775
"ENSG00000169247.16","ENSG00000169247","SH3TC2",34.0481657784688,1.14225586471603,0.43421356541868,2.63063145808132,0.00852264014017779,0.0394146087568277
"ENSG00000256742.2","ENSG00000256742",NA,9.37389734300461,-1.71149208843561,0.651234166151282,-2.62807478076639,0.00858696364509228,0.0396367915600386
"ENSG00000172602.12","ENSG00000172602","RND1",5.82122457620923,2.25770825346287,0.859414541789248,2.62703054658868,0.00861336014618069,0.0397423704228099
"ENSG00000079435.11","ENSG00000079435","LIPE",30.6364934897804,1.03572468095599,0.394263569480156,2.62698550191086,0.00861450043080976,0.0397423704228099
"ENSG00000163823.6","ENSG00000163823","CCR1",10.4350580036803,-1.66763498425572,0.635321436803136,-2.62486811817191,0.00866825348367943,0.0399471000186222
"ENSG00000258412.1","ENSG00000258412",NA,6.04603051951124,-2.55620375187021,0.97408093485159,-2.62422110977838,0.00868473848245243,0.0399798252884804
"ENSG00000272744.1","ENSG00000272744",NA,10.1461897718701,1.73666612114626,0.662349753086788,2.62197745685384,0.00874212133612661,0.0402113985992631
"ENSG00000103316.14","ENSG00000103316","CRYM",13.6569171253754,-1.47094872026513,0.561065072722319,-2.62170787628608,0.00874903878111009,0.0402190174207835
"ENSG00000279204.1","ENSG00000279204",NA,20.3008466085164,1.10255420513418,0.421528703402162,2.61560884522323,0.00890685277979086,0.0408698398150769
"ENSG00000172137.21","ENSG00000172137","CALB2",27.419532610713,-1.04317082666821,0.398937870807549,-2.61487039211537,0.00892613198861028,0.0409472789636329
"ENSG00000144218.22","ENSG00000144218","AFF3",10.9120625144709,-1.80139971016194,0.690188796034463,-2.61001007334809,0.00905395565406908,0.0414666789187437
"ENSG00000308132.1","ENSG00000308132",NA,22.6881477722374,1.0146861998325,0.389805886924505,2.60305509451945,0.00923971041791481,0.0421249718946239
"ENSG00000235180.2","ENSG00000235180","LINC00601",25.8552745735232,-1.03615964330724,0.398255223197799,-2.60174778120266,0.00927500367200897,0.0422465076330421
"ENSG00000277397.1","ENSG00000277397",NA,6.31097883751346,-2.2297573251125,0.858733234771787,-2.59656577249519,0.00941608762907147,0.0427689140124297
"ENSG00000307925.1","ENSG00000307925",NA,9.6230518147054,1.93763662454061,0.746821867785131,2.59450975945189,0.00947259242289994,0.0429797444278649
"ENSG00000254510.4","ENSG00000254510",NA,9.31913201779318,1.84657598785168,0.712750982638018,2.59077298079222,0.00957606395654632,0.0433223472119624
"ENSG00000164107.10","ENSG00000164107","HAND2",9.80598434502167,1.8866277682287,0.728828000788089,2.58857750551388,0.00963732564669031,0.0435419781455206
"ENSG00000117020.20","ENSG00000117020","AKT3",25.3724773618362,1.33907323167096,0.517617717154832,2.58699265363518,0.00968176563334771,0.0437308905177609
"ENSG00000214212.11","ENSG00000214212","C19orf38",14.900413171676,-1.40691056437281,0.544438884715678,-2.58414783342954,0.00976199414593812,0.044069908406643
"ENSG00000231672.9","ENSG00000231672",NA,15.388996733811,-1.38857535274262,0.537632794121649,-2.58275791195213,0.00980140720717541,0.0441893073081173
"ENSG00000080031.12","ENSG00000080031","PTPRH",26.7304654508015,-1.19107775648619,0.46254100427145,-2.5750749565701,0.0100218365329386,0.0450282462943155
"ENSG00000240291.2","ENSG00000240291",NA,16.1185296957935,1.2364468436384,0.480246969888362,2.57460623629926,0.0100354262417795,0.045065542559264
"ENSG00000286826.2","ENSG00000286826",NA,10.3877812158495,-1.62801582286627,0.633799884835988,-2.56865907018516,0.0102092843975013,0.045665780761737
"ENSG00000205037.3","ENSG00000205037","LOC400553",7.51073202643339,-2.02551708899658,0.789281440679612,-2.56627989029174,0.0102795843641875,0.0459320075339494
"ENSG00000307120.1","ENSG00000307120",NA,10.5747327463002,-1.65008068644863,0.643113347890925,-2.56576961411239,0.0102947179923874,0.0459875711733332
"ENSG00000236708.2","ENSG00000236708",NA,6.29719848827933,-2.22133044989361,0.866436100662796,-2.56375565167976,0.0103546412874359,0.0462068072323861
"ENSG00000177628.18","ENSG00000177628","GBA1",149.699420958997,1.13807661778706,0.444944838600655,2.55779260495818,0.0105338895232713,0.0469084257265715
"ENSG00000128815.22","ENSG00000128815","WDFY4",37.8266438948379,1.09409445468238,0.427903310923394,2.55687307565201,0.0105617746967171,0.0470203146242041
"ENSG00000169495.6","ENSG00000169495","HTRA4",7.29132426746445,2.23884343434878,0.877712329061757,2.55077131791235,0.0107484826165928,0.0477019897791601
